wordpiece_tokens,ner_labels
solid ##ity,B-LANG B-LANG
solid ##ity,B-LANG B-LANG
c,B-LANG
c,B-LANG
c + +,B-LANG B-LANG B-LANG
c + +,B-LANG B-LANG B-LANG
c #,B-LANG B-LANG
c #,B-LANG B-LANG
dar ##t,B-LANG B-LANG
dar ##t,B-LANG B-LANG
eli ##xir,B-LANG B-LANG
eli ##xir,B-LANG B-LANG
gr ##oo ##vy,B-LANG B-LANG B-LANG
gr ##oo ##vy,B-LANG B-LANG B-LANG
ja ##va,B-LANG B-LANG
ja ##vas,B-LANG B-LANG
ja ##va,B-LANG B-LANG
j ##d ##k,B-LANG B-LANG B-LANG
ja ##vas ##cript,B-LANG B-LANG B-LANG
ja ##vac ##ript,B-LANG B-LANG B-LANG
ja ##vas ##ript,B-LANG B-LANG B-LANG
j ##si,B-LANG B-LANG
ja ##vs ##sc ##ript,B-LANG B-LANG B-LANG B-LANG
j ##s,B-LANG B-LANG
ja ##vas ##cript,B-LANG B-LANG B-LANG
ja ##vas ##ci ##pt,B-LANG B-LANG B-LANG B-LANG
ja ##va ##vs ##cript,B-LANG B-LANG B-LANG B-LANG
ja ##vas ##c ##rp ##it,B-LANG B-LANG B-LANG B-LANG B-LANG
ja ##vs ##cript,B-LANG B-LANG B-LANG
ja ##vas ##sc ##ript,B-LANG B-LANG B-LANG B-LANG
lua,B-LANG
lua,B-LANG
per ##l,B-LANG B-LANG
per ##l,B-LANG B-LANG
php,B-LANG
php,B-LANG
p ##yth ##on,B-LANG B-LANG B-LANG
p ##yton,B-LANG B-LANG
p ##y,B-LANG B-LANG
p ##yth ##on,B-LANG B-LANG B-LANG
p ##yt ##non,B-LANG B-LANG B-LANG
p ##y ##hto ##n,B-LANG B-LANG B-LANG B-LANG
p ##y ##ht ##hon,B-LANG B-LANG B-LANG B-LANG
p ##y ##hon,B-LANG B-LANG B-LANG
r,B-LANG
r,B-LANG
ru ##by,B-LANG B-LANG
ru ##by,B-LANG B-LANG
rail ##s,B-LANG B-LANG
rus ##t,B-LANG B-LANG
rus ##t,B-LANG B-LANG
scala,B-LANG
scala,B-LANG
s ##wi ##ft,B-LANG B-LANG B-LANG
s ##wi ##ft,B-LANG B-LANG B-LANG
s ##wit ##ft,B-LANG B-LANG B-LANG
s ##wi ##ft ##ui,B-LANG B-LANG B-LANG B-LANG
s ##wi ##ft ##m ##r,B-LANG B-LANG B-LANG B-LANG B-LANG
types ##cript,B-LANG B-LANG
t ##s,B-LANG B-LANG
types ##rci ##pt,B-LANG B-LANG B-LANG
types ##c ##rp ##it,B-LANG B-LANG B-LANG B-LANG
types ##ci ##pr ##t,B-LANG B-LANG B-LANG B-LANG
ty ##esc ##ript,B-LANG B-LANG B-LANG
types ##cript,B-LANG B-LANG
typ ##sc ##ript,B-LANG B-LANG B-LANG
res ##cript,B-LANG B-LANG
res ##cript,B-LANG B-LANG
go,B-LANG
go,B-LANG
gola ##ng,B-LANG B-LANG
ab ##ap,B-LANG B-LANG
ab ##ap,B-LANG B-LANG
ada,B-LANG
ada,B-LANG
bas ##h,B-LANG B-LANG
bas ##h,B-LANG B-LANG
er ##lang,B-LANG B-LANG
er ##lang,B-LANG B-LANG
f #,B-LANG B-LANG
f #,B-LANG B-LANG
fort ##ran,B-LANG B-LANG
fort ##ran,B-LANG B-LANG
has ##kell,B-LANG B-LANG
has ##kell,B-LANG B-LANG
juli ##a,B-LANG B-LANG
juli ##a,B-LANG B-LANG
kot ##lin,B-LANG B-LANG
kot ##lin,B-LANG B-LANG
mat ##lab,B-LANG B-LANG
mat ##lab,B-LANG B-LANG
v ##hd ##l,B-LANG B-LANG B-LANG
v ##hd ##l,B-LANG B-LANG B-LANG
c ##ss,B-LANG B-LANG
c ##ss,B-LANG B-LANG
html,B-LANG
html,B-LANG
hi ##ve ##q ##l,B-LANG B-LANG B-LANG B-LANG
hi ##ve ##q ##l,B-LANG B-LANG B-LANG B-LANG
angular,B-FRAME
angl ##uar,B-FRAME B-FRAME
angular ##js,B-FRAME B-FRAME
angular,B-FRAME
app ##ium,B-FRAME B-FRAME
app ##ium,B-FRAME B-FRAME
arme ##ria,B-FRAME B-FRAME
arme ##ria,B-FRAME B-FRAME
back ##bone ##js,B-FRAME B-FRAME B-FRAME
back ##bone ##js,B-FRAME B-FRAME B-FRAME
back ##bone j ##s,B-FRAME B-FRAME B-FRAME B-FRAME
back ##bone,B-FRAME B-FRAME
code ##ign ##iter,B-FRAME B-FRAME B-FRAME
code ##lg ##nite ##r,B-FRAME B-FRAME B-FRAME B-FRAME
code ##ign ##iter,B-FRAME B-FRAME B-FRAME
dag ##ger,B-FRAME B-FRAME
dag ##ger,B-FRAME B-FRAME
drop ##wi ##zard,B-FRAME B-FRAME B-FRAME
drop ##wi ##zard,B-FRAME B-FRAME B-FRAME
e ##cho,B-FRAME B-FRAME
e ##cho,B-FRAME B-FRAME
elect ##ra,B-FRAME B-FRAME
elect ##ra,B-FRAME B-FRAME
electron,B-FRAME
electron ##js,B-FRAME B-FRAME
electron,B-FRAME
ember ##js,B-FRAME B-FRAME
ember ##js,B-FRAME B-FRAME
ember j ##s,B-FRAME B-FRAME B-FRAME
express ##js,B-FRAME B-FRAME
express,B-FRAME
express ##js,B-FRAME B-FRAME
express j ##s,B-FRAME B-FRAME B-FRAME
fa ##lco ##n,B-FRAME B-FRAME B-FRAME
fa ##lco ##n,B-FRAME B-FRAME B-FRAME
fast ##api,B-FRAME B-FRAME
fast ##api,B-FRAME B-FRAME
fast ##ify,B-FRAME B-FRAME
fast ##ify,B-FRAME B-FRAME
fiber,B-FRAME
fiber,B-FRAME
fl ##as ##k,B-FRAME B-FRAME B-FRAME
fl ##as ##k,B-FRAME B-FRAME B-FRAME
fl ##ink,B-FRAME B-FRAME
fl ##ink,B-FRAME B-FRAME
ga ##ts ##by,B-FRAME B-FRAME B-FRAME
ga ##ts ##by,B-FRAME B-FRAME B-FRAME
gr ##p ##c,B-FRAME B-FRAME B-FRAME
gr ##p ##c,B-FRAME B-FRAME B-FRAME
gr ##p ##cio,B-FRAME B-FRAME B-FRAME
gr ##p,B-FRAME B-FRAME
had ##oop,B-FRAME B-FRAME
had ##oop,B-FRAME B-FRAME
ja ##smine,B-FRAME B-FRAME
ja ##smine,B-FRAME B-FRAME
juni ##t,B-FRAME B-FRAME
juni ##t,B-FRAME B-FRAME
kot ##est,B-FRAME B-FRAME
kot ##est,B-FRAME B-FRAME
kt ##or,B-FRAME B-FRAME
kt ##or,B-FRAME B-FRAME
lar ##ave ##l,B-FRAME B-FRAME B-FRAME
la ##lave ##l,B-FRAME B-FRAME B-FRAME
lar ##av ##le,B-FRAME B-FRAME B-FRAME
lar ##ave ##l,B-FRAME B-FRAME B-FRAME
met ##eo ##r,B-FRAME B-FRAME B-FRAME
met ##eo ##r,B-FRAME B-FRAME B-FRAME
moc ##ha,B-FRAME B-FRAME
moc ##ha,B-FRAME B-FRAME
moc ##kit ##o,B-FRAME B-FRAME B-FRAME
moc ##kit ##o,B-FRAME B-FRAME B-FRAME
nest ##js,B-FRAME B-FRAME
nest,B-FRAME
nest ##js,B-FRAME B-FRAME
nest j ##s,B-FRAME B-FRAME B-FRAME
net ##ty,B-FRAME B-FRAME
net ##ty,B-FRAME B-FRAME
next ##js,B-FRAME B-FRAME
next,B-FRAME
next j ##s,B-FRAME B-FRAME B-FRAME
next ##js,B-FRAME B-FRAME
nu ##xt ##js,B-FRAME B-FRAME B-FRAME
nu ##xt j ##s,B-FRAME B-FRAME B-FRAME B-FRAME
nu ##xt ##js,B-FRAME B-FRAME B-FRAME
nu ##xt,B-FRAME B-FRAME
ph ##oen ##ix,B-FRAME B-FRAME B-FRAME
ph ##oen ##ix,B-FRAME B-FRAME B-FRAME
ray,B-FRAME
ray,B-FRAME
re ##act native,B-FRAME B-FRAME B-FRAME
re ##act native,B-FRAME B-FRAME B-FRAME
re ##act ##nati ##ve,B-FRAME B-FRAME B-FRAME B-FRAME
re ##active,B-FRAME B-FRAME
reactor ##kit,B-FRAME B-FRAME
reactor,B-FRAME
reactor ##kit,B-FRAME B-FRAME
relay,B-FRAME
relay,B-FRAME
relay ##er,B-FRAME B-FRAME
ri ##bs,B-FRAME B-FRAME
ri ##bs,B-FRAME B-FRAME
ru ##by on rail ##s,B-FRAME B-FRAME B-FRAME B-FRAME B-FRAME
rail,B-FRAME
ru ##by on rail ##s,B-FRAME B-FRAME B-FRAME B-FRAME B-FRAME
rail ##s,B-FRAME B-FRAME
raise,B-FRAME
san ##ic,B-FRAME B-FRAME
san ##ic,B-FRAME B-FRAME
sel ##eniu ##m,B-FRAME B-FRAME B-FRAME
sel ##eniu ##m,B-FRAME B-FRAME B-FRAME
sp ##ark,B-FRAME B-FRAME
sp ##ark,B-FRAME B-FRAME
spring,B-FRAME
sprint,B-FRAME
sp ##rti ##ng,B-FRAME B-FRAME B-FRAME
spring,B-FRAME
sp ##irn ##g,B-FRAME B-FRAME B-FRAME
spin ##g,B-FRAME B-FRAME
spring ##do ##c,B-FRAME B-FRAME B-FRAME
spring ##boot,B-FRAME B-FRAME
spring boot,B-FRAME B-FRAME
spring ##boot,B-FRAME B-FRAME
spring ##boot ##test,B-FRAME B-FRAME B-FRAME
sve ##lte,B-FRAME B-FRAME
sve ##ltek ##it,B-FRAME B-FRAME B-FRAME
sve ##lte,B-FRAME B-FRAME
s ##wag ##ger,B-FRAME B-FRAME B-FRAME
s ##wag ##ger,B-FRAME B-FRAME B-FRAME
tail ##wind,B-FRAME B-FRAME
tail ##wind,B-FRAME B-FRAME
tail ##wind ##cs ##s,B-FRAME B-FRAME B-FRAME B-FRAME
th ##rif ##t,B-FRAME B-FRAME B-FRAME
th ##rif ##t,B-FRAME B-FRAME B-FRAME
vue ##js,B-FRAME B-FRAME
vue,B-FRAME
vue j ##s,B-FRAME B-FRAME B-FRAME
vue ##js,B-FRAME B-FRAME
node ##js,B-FRAME B-FRAME
node,B-FRAME
node j ##s,B-FRAME B-FRAME B-FRAME
node ##js,B-FRAME B-FRAME
dj ##ang ##o,B-FRAME B-FRAME B-FRAME
dj ##ang ##o,B-FRAME B-FRAME B-FRAME
ja ##va ##f ##x,B-FRAME B-FRAME B-FRAME B-FRAME
ja ##va ##f ##x,B-FRAME B-FRAME B-FRAME B-FRAME
mono,B-FRAME
mono,B-FRAME
alam ##of ##ire,B-LIB B-LIB B-LIB
alam ##of ##ire,B-LIB B-LIB B-LIB
apo ##llo,B-LIB B-LIB
apo ##llo,B-LIB B-LIB
em ##otion,B-LIB B-LIB
em ##otion,B-LIB B-LIB
enzyme,B-LIB
enzyme,B-LIB
ex ##op ##lay ##er,B-LIB B-LIB B-LIB B-LIB
ex ##op ##lay ##er,B-LIB B-LIB B-LIB B-LIB
gli ##de,B-LIB B-LIB
gli ##de,B-LIB B-LIB
immer,B-LIB
immer,B-LIB
jota ##i,B-LIB B-LIB
jota ##i,B-LIB B-LIB
keras,B-LIB
keras,B-LIB
lot ##tie,B-LIB B-LIB
lot ##tie,B-LIB B-LIB
mo ##b ##x,B-LIB B-LIB B-LIB
mo ##b ##x,B-LIB B-LIB B-LIB
mo ##ya,B-LIB B-LIB
mo ##ya,B-LIB B-LIB
re ##act context,B-LIB B-LIB B-LIB
re ##act ##con ##tex ##t,B-LIB B-LIB B-LIB B-LIB B-LIB
re ##act context,B-LIB B-LIB B-LIB
re ##active ##x,B-LIB B-LIB B-LIB
re ##active ##x,B-LIB B-LIB B-LIB
re ##act ##js,B-LIB B-LIB B-LIB
re ##act,B-LIB B-LIB
re ##act j ##s,B-LIB B-LIB B-LIB B-LIB
re ##act ##js,B-LIB B-LIB B-LIB
re ##act quer ##y,B-LIB B-LIB B-LIB B-LIB
re ##act ##quer ##y,B-LIB B-LIB B-LIB B-LIB
re ##act quer ##y,B-LIB B-LIB B-LIB B-LIB
re ##coil,B-LIB B-LIB
re ##coil,B-LIB B-LIB
red ##ux,B-LIB B-LIB
red ##ux,B-LIB B-LIB
rest - assure ##d,B-LIB B-LIB B-LIB B-LIB
rest assure ##d,B-LIB B-LIB B-LIB
rest - assure ##d,B-LIB B-LIB B-LIB B-LIB
resta ##ssu ##red,B-LIB B-LIB B-LIB
ret ##ro ##fit,B-LIB B-LIB B-LIB
ret ##ro ##fit,B-LIB B-LIB B-LIB
sino ##n,B-LIB B-LIB
sino ##n,B-LIB B-LIB
sna ##p ##kit,B-LIB B-LIB B-LIB
sna ##p ##kit,B-LIB B-LIB B-LIB
style ##d - components,B-LIB B-LIB B-LIB B-LIB
style ##d components,B-LIB B-LIB B-LIB
style ##d ##com ##ponent ##s,B-LIB B-LIB B-LIB B-LIB B-LIB
style ##d - components,B-LIB B-LIB B-LIB B-LIB
style ##d ##com ##pine ##nts,B-LIB B-LIB B-LIB B-LIB B-LIB
ten ##sor ##flow,B-LIB B-LIB B-LIB
tem ##sor ##flow,B-LIB B-LIB B-LIB
ten ##sor ##flow,B-LIB B-LIB B-LIB
t ##f,B-LIB B-LIB
testing library,B-LIB B-LIB
testing library,B-LIB B-LIB
testing ##lib ##rary,B-LIB B-LIB B-LIB
vue ##x,B-LIB B-LIB
vue ##x,B-LIB B-LIB
zu ##stand,B-LIB B-LIB
zu ##stand,B-LIB B-LIB
p ##yt ##or ##ch,B-LIB B-LIB B-LIB B-LIB
p ##yt ##ou ##ch,B-LIB B-LIB B-LIB B-LIB
to ##rch,B-LIB B-LIB
p ##yt ##or ##ch,B-LIB B-LIB B-LIB B-LIB
p ##yt ##or ##h,B-LIB B-LIB B-LIB B-LIB
graph ##q ##l,B-LIB B-LIB B-LIB
graph ##ol,B-LIB B-LIB
graph ##q ##l,B-LIB B-LIB B-LIB
beautiful ##sou ##p,B-LIB B-LIB B-LIB
beautiful ##sou ##p,B-LIB B-LIB B-LIB
bok ##eh,B-LIB B-LIB
bok ##eh,B-LIB B-LIB
fast ##ai,B-LIB B-LIB
fast ##ai,B-LIB B-LIB
gr ##p ##cio,B-LIB B-LIB B-LIB
gr ##p ##cio,B-LIB B-LIB B-LIB
hu ##gging ##face,B-LIB B-LIB B-LIB
hu ##gging ##face,B-LIB B-LIB B-LIB
light ##g ##b ##m,B-LIB B-LIB B-LIB B-LIB
light ##g ##b ##m,B-LIB B-LIB B-LIB B-LIB
mat ##plot ##lib,B-LIB B-LIB B-LIB
mat ##plot ##lib,B-LIB B-LIB B-LIB
num ##py,B-LIB B-LIB
num ##py,B-LIB B-LIB
open ##c ##v,B-LIB B-LIB B-LIB
open ##c ##v,B-LIB B-LIB B-LIB
pan ##das,B-LIB B-LIB
pan ##das,B-LIB B-LIB
plot ##ly,B-LIB B-LIB
plot ##ly,B-LIB B-LIB
p ##yda ##ntic,B-LIB B-LIB B-LIB
p ##yda ##ntic,B-LIB B-LIB B-LIB
request ##s,B-LIB B-LIB
request ##s,B-LIB B-LIB
sci ##kit - learn,B-LIB B-LIB B-LIB B-LIB
sci ##kit learn,B-LIB B-LIB B-LIB
sci ##kit ##lea ##rn,B-LIB B-LIB B-LIB B-LIB
sci ##kit - learn,B-LIB B-LIB B-LIB B-LIB
sea ##born,B-LIB B-LIB
sea ##born,B-LIB B-LIB
sq ##lal ##chem ##y,B-LIB B-LIB B-LIB B-LIB
sq ##lal ##chem ##y,B-LIB B-LIB B-LIB B-LIB
transform ##ers,B-LIB B-LIB
transform ##ers,B-LIB B-LIB
x ##gbo ##ost,B-LIB B-LIB B-LIB
x ##gbo ##ost,B-LIB B-LIB B-LIB
re ##act,B-LIB B-LIB
reach,B-LIB
agit,B-TOOL
agit,B-TOOL
air ##flow,B-TOOL B-TOOL
air ##flow,B-TOOL B-TOOL
ans ##ible,B-TOOL B-TOOL
ans ##ible,B-TOOL B-TOOL
arc ##us,B-TOOL B-TOOL
arc ##us,B-TOOL B-TOOL
ara ##ngo ##d ##b,B-TOOL B-TOOL B-TOOL B-TOOL
ara ##ngo db,B-TOOL B-TOOL B-TOOL
ara ##ngo ##d ##b,B-TOOL B-TOOL B-TOOL B-TOOL
ar ##go cd,B-TOOL B-TOOL B-TOOL
ar ##go,B-TOOL B-TOOL
ar ##go cd,B-TOOL B-TOOL B-TOOL
ar ##go ##c ##d,B-TOOL B-TOOL B-TOOL B-TOOL
asa ##na,B-TOOL B-TOOL
asa ##na,B-TOOL B-TOOL
aw ##s,B-TOOL B-TOOL
as ##w,B-TOOL B-TOOL
aw ##s at ##hen ##a,B-TOOL B-TOOL B-TOOL B-TOOL B-TOOL
aw ##sat ##hen ##a,B-TOOL B-TOOL B-TOOL B-TOOL
aw ##s at ##hen ##a,B-TOOL B-TOOL B-TOOL B-TOOL B-TOOL
aw ##s,B-TOOL B-TOOL
aw ##s aur ##ora ##d ##b,B-TOOL B-TOOL B-TOOL B-TOOL B-TOOL B-TOOL
aw ##s aur ##ora db,B-TOOL B-TOOL B-TOOL B-TOOL B-TOOL
aw ##saur ##ora ##d ##b,B-TOOL B-TOOL B-TOOL B-TOOL B-TOOL
aw ##s aur ##ora ##d ##b,B-TOOL B-TOOL B-TOOL B-TOOL B-TOOL B-TOOL
aw ##s code ##bu ##ild,B-TOOL B-TOOL B-TOOL B-TOOL B-TOOL
aw ##s code ##bu ##ild,B-TOOL B-TOOL B-TOOL B-TOOL B-TOOL
aw ##sco ##de ##bu ##ild,B-TOOL B-TOOL B-TOOL B-TOOL B-TOOL
aw ##s code ##de ##ploy,B-TOOL B-TOOL B-TOOL B-TOOL B-TOOL
aw ##s code ##de ##ploy,B-TOOL B-TOOL B-TOOL B-TOOL B-TOOL
aw ##sco ##ded ##ep ##lo ##y,B-TOOL B-TOOL B-TOOL B-TOOL B-TOOL B-TOOL
aw ##s code ##pi ##peli ##ne,B-TOOL B-TOOL B-TOOL B-TOOL B-TOOL B-TOOL
aw ##s code ##pi ##peli ##ne,B-TOOL B-TOOL B-TOOL B-TOOL B-TOOL B-TOOL
aw ##sco ##de ##pi ##peli ##ne,B-TOOL B-TOOL B-TOOL B-TOOL B-TOOL B-TOOL
aw ##s document ##d ##b,B-TOOL B-TOOL B-TOOL B-TOOL B-TOOL
aw ##s document ##d ##b,B-TOOL B-TOOL B-TOOL B-TOOL B-TOOL
aw ##sd ##oc ##ument ##d ##b,B-TOOL B-TOOL B-TOOL B-TOOL B-TOOL B-TOOL
aw ##s document db,B-TOOL B-TOOL B-TOOL B-TOOL
aw ##s dy ##nam ##od ##b,B-TOOL B-TOOL B-TOOL B-TOOL B-TOOL B-TOOL
aw ##s dy ##nam ##o db,B-TOOL B-TOOL B-TOOL B-TOOL B-TOOL B-TOOL
aw ##sd ##yna ##mo ##d ##b,B-TOOL B-TOOL B-TOOL B-TOOL B-TOOL B-TOOL
aw ##s dy ##nam ##od ##b,B-TOOL B-TOOL B-TOOL B-TOOL B-TOOL B-TOOL
aw ##s kin ##esis,B-TOOL B-TOOL B-TOOL B-TOOL
aw ##s kin ##esis,B-TOOL B-TOOL B-TOOL B-TOOL
aw ##ski ##nesi ##s,B-TOOL B-TOOL B-TOOL B-TOOL
aw ##s mari ##ad ##b,B-TOOL B-TOOL B-TOOL B-TOOL B-TOOL
aw ##s mari ##a db,B-TOOL B-TOOL B-TOOL B-TOOL B-TOOL
aw ##sma ##ria ##d ##b,B-TOOL B-TOOL B-TOOL B-TOOL B-TOOL
aw ##s mari ##ad ##b,B-TOOL B-TOOL B-TOOL B-TOOL B-TOOL
aw ##s red ##shi ##ft,B-TOOL B-TOOL B-TOOL B-TOOL B-TOOL
aw ##s red ##shi ##ft,B-TOOL B-TOOL B-TOOL B-TOOL B-TOOL
aw ##sr ##eds ##hi ##ft,B-TOOL B-TOOL B-TOOL B-TOOL B-TOOL
aw ##s ses,B-TOOL B-TOOL B-TOOL
aw ##s ses,B-TOOL B-TOOL B-TOOL
aw ##sses,B-TOOL B-TOOL
aw ##s s ##ns,B-TOOL B-TOOL B-TOOL B-TOOL
aw ##s s ##ns,B-TOOL B-TOOL B-TOOL B-TOOL
aw ##ss ##ns,B-TOOL B-TOOL B-TOOL
az ##ure de ##vo ##ps,B-TOOL B-TOOL B-TOOL B-TOOL B-TOOL
az ##ured ##evo ##ps,B-TOOL B-TOOL B-TOOL B-TOOL
az ##ure de ##vo ##ps,B-TOOL B-TOOL B-TOOL B-TOOL B-TOOL
ba ##zel,B-TOOL B-TOOL
ba ##zel,B-TOOL B-TOOL
bit ##bu ##cket,B-TOOL B-TOOL B-TOOL
bit ##bu ##cket,B-TOOL B-TOOL B-TOOL
bit ##rise,B-TOOL B-TOOL
bit ##rise,B-TOOL B-TOOL
cap ##istra ##no,B-TOOL B-TOOL B-TOOL
cap ##istra ##no,B-TOOL B-TOOL B-TOOL
cas ##san ##dra ##d ##b,B-TOOL B-TOOL B-TOOL B-TOOL B-TOOL
casa ##ndra,B-TOOL B-TOOL
cas ##san ##dra db,B-TOOL B-TOOL B-TOOL B-TOOL
cas ##san ##dra,B-TOOL B-TOOL B-TOOL
cas ##san ##dra ##d ##b,B-TOOL B-TOOL B-TOOL B-TOOL B-TOOL
cele ##ry,B-TOOL B-TOOL
cele ##ry,B-TOOL B-TOOL
central dog ##ma,B-TOOL B-TOOL B-TOOL
central dog ##ma,B-TOOL B-TOOL B-TOOL
central ##dog ##ma,B-TOOL B-TOOL B-TOOL
ce ##ph,B-TOOL B-TOOL
ce ##ph,B-TOOL B-TOOL
circle ci,B-TOOL B-TOOL
circle ci,B-TOOL B-TOOL
circle ##ci,B-TOOL B-TOOL
c ##lick ##house,B-TOOL B-TOOL B-TOOL
c ##lick ##house,B-TOOL B-TOOL B-TOOL
co ##ck ##roa ##ch ##d ##b,B-TOOL B-TOOL B-TOOL B-TOOL B-TOOL B-TOOL
co ##ck ##roa ##ch db,B-TOOL B-TOOL B-TOOL B-TOOL B-TOOL
co ##ck ##roa ##ch ##d ##b,B-TOOL B-TOOL B-TOOL B-TOOL B-TOOL B-TOOL
confluence,B-TOOL
con ##f ##leu ##nce,B-TOOL B-TOOL B-TOOL B-TOOL
confluence,B-TOOL
con ##f ##lue ##ce,B-TOOL B-TOOL B-TOOL B-TOOL
con ##f ##lun ##ce,B-TOOL B-TOOL B-TOOL B-TOOL
co ##uch ##base,B-TOOL B-TOOL B-TOOL
co ##uch ##base,B-TOOL B-TOOL B-TOOL
cu ##bri ##d,B-TOOL B-TOOL B-TOOL
cu ##bri ##d,B-TOOL B-TOOL B-TOOL
cu ##cum ##ber,B-TOOL B-TOOL B-TOOL
cu ##cum ##ber,B-TOOL B-TOOL B-TOOL
c ##y ##press,B-TOOL B-TOOL B-TOOL
c ##y ##press,B-TOOL B-TOOL B-TOOL
disco ##rd,B-TOOL B-TOOL
disco ##rd,B-TOOL B-TOOL
dock ##er,B-TOOL B-TOOL
dock ##er,B-TOOL B-TOOL
doc ##usa ##urus,B-TOOL B-TOOL B-TOOL
doc ##usa ##urus,B-TOOL B-TOOL B-TOOL
door ##ay,B-TOOL B-TOOL
door ##ay,B-TOOL B-TOOL
dro ##ne,B-TOOL B-TOOL
dro ##ne,B-TOOL B-TOOL
dr ##uid,B-TOOL B-TOOL
dr ##uid,B-TOOL B-TOOL
elas ##tics ##ear ##ch,B-TOOL B-TOOL B-TOOL B-TOOL
elas ##tics ##ear ##ch,B-TOOL B-TOOL B-TOOL B-TOOL
elas ##tics ##era ##ch,B-TOOL B-TOOL B-TOOL B-TOOL
fast ##lane,B-TOOL B-TOOL
fast ##lane,B-TOOL B-TOOL
fl ##uent ##d,B-TOOL B-TOOL B-TOOL
fl ##uent ##d,B-TOOL B-TOOL B-TOOL
flow,B-TOOL
flow,B-TOOL
gi ##t,B-TOOL B-TOOL
gi ##t,B-TOOL B-TOOL
gi ##th ##ub,B-TOOL B-TOOL B-TOOL
gi ##th ##ub,B-TOOL B-TOOL B-TOOL
gi ##th ##b,B-TOOL B-TOOL B-TOOL
gi ##th ##ub action,B-TOOL B-TOOL B-TOOL B-TOOL
gi ##th ##ub action,B-TOOL B-TOOL B-TOOL B-TOOL
gi ##th ##uba ##ction,B-TOOL B-TOOL B-TOOL B-TOOL
gi ##tla ##b,B-TOOL B-TOOL B-TOOL
gi ##tla ##b,B-TOOL B-TOOL B-TOOL
go cd,B-TOOL B-TOOL
go cd,B-TOOL B-TOOL
go ##c ##d,B-TOOL B-TOOL B-TOOL
google big ##quer ##y,B-TOOL B-TOOL B-TOOL B-TOOL
google big ##quer ##y,B-TOOL B-TOOL B-TOOL B-TOOL
google ##big ##quer ##y,B-TOOL B-TOOL B-TOOL B-TOOL
google cloud build,B-TOOL B-TOOL B-TOOL
google cloud build,B-TOOL B-TOOL B-TOOL
g ##c ##p,B-TOOL B-TOOL B-TOOL
google ##clo ##ud ##bu ##ild,B-TOOL B-TOOL B-TOOL B-TOOL B-TOOL
google data studio,B-TOOL B-TOOL B-TOOL
google ##data ##stu ##dio,B-TOOL B-TOOL B-TOOL B-TOOL
google data studio,B-TOOL B-TOOL B-TOOL
google fire ##base,B-TOOL B-TOOL B-TOOL
google fire ##base,B-TOOL B-TOOL B-TOOL
google ##fire ##base,B-TOOL B-TOOL B-TOOL
graf ##ana,B-TOOL B-TOOL
graf ##ana,B-TOOL B-TOOL
green ##plu ##m,B-TOOL B-TOOL B-TOOL
green ##plu ##m,B-TOOL B-TOOL B-TOOL
gul ##p,B-TOOL B-TOOL
gul ##p,B-TOOL B-TOOL
h ##2,B-TOOL B-TOOL
h ##2,B-TOOL B-TOOL
har ##bor,B-TOOL B-TOOL
har ##bor,B-TOOL B-TOOL
h ##base,B-TOOL B-TOOL
h ##base,B-TOOL B-TOOL
ha ##zel ##cast,B-TOOL B-TOOL B-TOOL
ha ##zel ##cast,B-TOOL B-TOOL B-TOOL
hel ##m,B-TOOL B-TOOL
hel ##m,B-TOOL B-TOOL
hi ##ve,B-TOOL B-TOOL
hi ##ve,B-TOOL B-TOOL
hu ##go,B-TOOL B-TOOL
hu ##go,B-TOOL B-TOOL
isti ##o,B-TOOL B-TOOL
isti ##o,B-TOOL B-TOOL
ja ##eger,B-TOOL B-TOOL
ja ##eger,B-TOOL B-TOOL
jan ##di,B-TOOL B-TOOL
jan ##di,B-TOOL B-TOOL
jen ##kins,B-TOOL B-TOOL
jen ##kins,B-TOOL B-TOOL
ji ##ra,B-TOOL B-TOOL
ji ##ra,B-TOOL B-TOOL
ka ##f ##ka,B-TOOL B-TOOL B-TOOL
ka ##fa,B-TOOL B-TOOL
ka ##f ##ka,B-TOOL B-TOOL B-TOOL
ka ##kao ##tal ##k,B-TOOL B-TOOL B-TOOL B-TOOL
ka ##kao ##tal ##k,B-TOOL B-TOOL B-TOOL B-TOOL
ka ##kao ##work,B-TOOL B-TOOL B-TOOL
ka ##kao ##work,B-TOOL B-TOOL B-TOOL
kar ##ma,B-TOOL B-TOOL
kar ##ma,B-TOOL B-TOOL
kar ##pente ##r,B-TOOL B-TOOL B-TOOL
kar ##pente ##r,B-TOOL B-TOOL B-TOOL
ki ##bana,B-TOOL B-TOOL
ki ##bana,B-TOOL B-TOOL
ku ##be - bench,B-TOOL B-TOOL B-TOOL B-TOOL
ku ##be - bench,B-TOOL B-TOOL B-TOOL B-TOOL
ku ##be ##ben ##ch,B-TOOL B-TOOL B-TOOL B-TOOL
ku ##be bench,B-TOOL B-TOOL B-TOOL
ku ##be ##flow,B-TOOL B-TOOL B-TOOL
ku ##be ##flow,B-TOOL B-TOOL B-TOOL
ku ##bern ##etes,B-TOOL B-TOOL B-TOOL
ku ##bere ##ntes,B-TOOL B-TOOL B-TOOL
ku ##bern ##etes,B-TOOL B-TOOL B-TOOL
ku ##bern ##tes,B-TOOL B-TOOL B-TOOL
ku ##ben ##rete ##s,B-TOOL B-TOOL B-TOOL B-TOOL
ku ##bane ##tes,B-TOOL B-TOOL B-TOOL
ku ##bern ##eti ##es,B-TOOL B-TOOL B-TOOL B-TOOL
ku ##bern ##ates,B-TOOL B-TOOL B-TOOL
ku ##bern ##ets,B-TOOL B-TOOL B-TOOL
ku ##bem ##etes,B-TOOL B-TOOL B-TOOL
k ##8 ##s,B-TOOL B-TOOL B-TOOL
ku ##bene ##tes,B-TOOL B-TOOL B-TOOL
ku ##erbe ##rnet ##es,B-TOOL B-TOOL B-TOOL B-TOOL
ku ##du,B-TOOL B-TOOL
ku ##du,B-TOOL B-TOOL
link ##erd,B-TOOL B-TOOL
link ##erd,B-TOOL B-TOOL
li ##qui ##base,B-TOOL B-TOOL B-TOOL
li ##qui ##base,B-TOOL B-TOOL B-TOOL
loc ##ust,B-TOOL B-TOOL
loc ##ust,B-TOOL B-TOOL
look ##er,B-TOOL B-TOOL
look ##er,B-TOOL B-TOOL
me ##m ##cach ##ed,B-TOOL B-TOOL B-TOOL B-TOOL
me ##m ##cach ##ed,B-TOOL B-TOOL B-TOOL B-TOOL
meta ##base,B-TOOL B-TOOL
meta ##base,B-TOOL B-TOOL
micro ##so ##ft - teams,B-TOOL B-TOOL B-TOOL B-TOOL B-TOOL
micro ##so ##ft - teams,B-TOOL B-TOOL B-TOOL B-TOOL B-TOOL
micro ##so ##ft ##team ##s,B-TOOL B-TOOL B-TOOL B-TOOL B-TOOL
micro ##so ##ft teams,B-TOOL B-TOOL B-TOOL B-TOOL
ml ##flow,B-TOOL B-TOOL
ml ##flow,B-TOOL B-TOOL
mond ##ay,B-TOOL B-TOOL
mond ##ay,B-TOOL B-TOOL
mon ##go ##d ##b,B-TOOL B-TOOL B-TOOL B-TOOL
mon ##go,B-TOOL B-TOOL
mon ##go ##d ##b,B-TOOL B-TOOL B-TOOL B-TOOL
mon ##go db,B-TOOL B-TOOL B-TOOL
mono,B-TOOL
mono ##gd ##b,B-TOOL B-TOOL B-TOOL
mon ##gd ##b,B-TOOL B-TOOL B-TOOL
ms ##s ##q ##l,B-TOOL B-TOOL B-TOOL B-TOOL
ms ##s ##q ##l,B-TOOL B-TOOL B-TOOL B-TOOL
ms sq ##l,B-TOOL B-TOOL B-TOOL
my ##s ##q ##l,B-TOOL B-TOOL B-TOOL B-TOOL
my sq ##l,B-TOOL B-TOOL B-TOOL
my ##s ##q ##l,B-TOOL B-TOOL B-TOOL B-TOOL
nave ##r works,B-TOOL B-TOOL B-TOOL
nave ##r ##works,B-TOOL B-TOOL B-TOOL
nave ##r works,B-TOOL B-TOOL B-TOOL
neo ##4 ##j,B-TOOL B-TOOL B-TOOL
neo ##4 ##j,B-TOOL B-TOOL B-TOOL
ne ##xus,B-TOOL B-TOOL
ne ##xus,B-TOOL B-TOOL
ng ##rinde ##r,B-TOOL B-TOOL B-TOOL
ng ##rinde ##r,B-TOOL B-TOOL B-TOOL
ni ##fi,B-TOOL B-TOOL
ni ##fi,B-TOOL B-TOOL
notion,B-TOOL
notion,B-TOOL
open ##eb ##s,B-TOOL B-TOOL B-TOOL
open ##eb ##s,B-TOOL B-TOOL B-TOOL
ora ##cle ##d ##b,B-TOOL B-TOOL B-TOOL B-TOOL
ora ##cle db,B-TOOL B-TOOL B-TOOL
ora ##cle ##d ##b,B-TOOL B-TOOL B-TOOL B-TOOL
ora ##cle,B-TOOL B-TOOL
pack ##er,B-TOOL B-TOOL
pack ##er,B-TOOL B-TOOL
playwright,B-TOOL
play ##wr ##ite,B-TOOL B-TOOL B-TOOL
playwright,B-TOOL
post ##gres ##q ##l,B-TOOL B-TOOL B-TOOL B-TOOL
post ##gres ##q ##l,B-TOOL B-TOOL B-TOOL B-TOOL
post ##gre,B-TOOL B-TOOL
post ##res ##l,B-TOOL B-TOOL B-TOOL
post ##gre sq ##l,B-TOOL B-TOOL B-TOOL B-TOOL
post ##gis,B-TOOL B-TOOL
post ##gres,B-TOOL B-TOOL
post ##gre ##d ##b,B-TOOL B-TOOL B-TOOL B-TOOL
post ##gres ##s ##q ##l,B-TOOL B-TOOL B-TOOL B-TOOL B-TOOL
presto,B-TOOL
presto,B-TOOL
pro ##met ##he ##us,B-TOOL B-TOOL B-TOOL B-TOOL
pro ##met ##he ##us,B-TOOL B-TOOL B-TOOL B-TOOL
ra ##bbit ##m ##q,B-TOOL B-TOOL B-TOOL B-TOOL
ra ##bbit,B-TOOL B-TOOL
ra ##bbit ##m ##q,B-TOOL B-TOOL B-TOOL B-TOOL
ran ##cher,B-TOOL B-TOOL
ran ##ce,B-TOOL B-TOOL
ran ##cher,B-TOOL B-TOOL
range ##r,B-TOOL B-TOOL
range ##r,B-TOOL B-TOOL
reda ##sh,B-TOOL B-TOOL
reda ##sh,B-TOOL B-TOOL
red ##is,B-TOOL B-TOOL
red ##is,B-TOOL B-TOOL
rocks ##d ##b,B-TOOL B-TOOL B-TOOL
rocks db,B-TOOL B-TOOL
rocks ##d ##b,B-TOOL B-TOOL B-TOOL
salt ##sta ##ck,B-TOOL B-TOOL B-TOOL
salt ##sta ##ck,B-TOOL B-TOOL B-TOOL
sl ##ack,B-TOOL B-TOOL
sl ##ack,B-TOOL B-TOOL
snow ##f ##lake,B-TOOL B-TOOL B-TOOL
snow ##f ##lake,B-TOOL B-TOOL B-TOOL
sol ##r,B-TOOL B-TOOL
sol ##r,B-TOOL B-TOOL
sona ##r ##qu ##be,B-TOOL B-TOOL B-TOOL B-TOOL
sona ##r ##qu ##be,B-TOOL B-TOOL B-TOOL B-TOOL
sona ##qu ##be,B-TOOL B-TOOL B-TOOL
story ##book,B-TOOL B-TOOL
story ##book,B-TOOL B-TOOL
super ##set,B-TOOL B-TOOL
super ##set,B-TOOL B-TOOL
super ##test,B-TOOL B-TOOL
tableau,B-TOOL
tableau,B-TOOL
tele ##gram,B-TOOL B-TOOL
tele ##gram,B-TOOL B-TOOL
tra ##vis ci,B-TOOL B-TOOL B-TOOL
tra ##vis,B-TOOL B-TOOL
tra ##vis ci,B-TOOL B-TOOL B-TOOL
tre ##llo,B-TOOL B-TOOL
tre ##llo,B-TOOL B-TOOL
tri ##no,B-TOOL B-TOOL
tri ##no,B-TOOL B-TOOL
tu ##ist,B-TOOL B-TOOL
tu ##ist,B-TOOL B-TOOL
unity,B-TOOL
unity,B-TOOL
va ##ult,B-TOOL B-TOOL
va ##ult,B-TOOL B-TOOL
za ##bbi ##x,B-TOOL B-TOOL B-TOOL
za ##bbi ##x,B-TOOL B-TOOL B-TOOL
ze ##ppel ##in,B-TOOL B-TOOL B-TOOL
ze ##ppel ##in,B-TOOL B-TOOL B-TOOL
pu ##ppet ##eer,B-TOOL B-TOOL B-TOOL
pu ##ppet ##eer,B-TOOL B-TOOL B-TOOL
open ##gl,B-TOOL B-TOOL
open ##gl,B-TOOL B-TOOL
zi ##p ##kin,B-TOOL B-TOOL B-TOOL
zi ##p ##kin,B-TOOL B-TOOL B-TOOL
im ##pala,B-TOOL B-TOOL
im ##pala,B-TOOL B-TOOL
in ##f ##lux ##d ##b,B-TOOL B-TOOL B-TOOL B-TOOL B-TOOL
in ##f ##lux ##d ##b,B-TOOL B-TOOL B-TOOL B-TOOL B-TOOL
tra ##ef ##ik,B-TOOL B-TOOL B-TOOL
tra ##ef ##ik,B-TOOL B-TOOL B-TOOL
apa ##che sp ##ark,B-TOOL B-TOOL B-TOOL B-TOOL
apa ##che sp ##ark,B-TOOL B-TOOL B-TOOL B-TOOL
das ##k,B-TOOL B-TOOL
das ##k,B-TOOL B-TOOL
opens ##ta ##ck,B-TOOL B-TOOL B-TOOL
opens ##ta ##ck,B-TOOL B-TOOL B-TOOL
terra ##form,B-TOOL B-TOOL
terra ##form,B-TOOL B-TOOL
ze ##plin,B-TOOL B-TOOL
ze ##plin,B-TOOL B-TOOL
j ##meter,B-TOOL B-TOOL
j ##meter,B-TOOL B-TOOL
