Company Name,Employee Counts,Address,Hiring Process,Summary
디카르고,39,"서울 강남구 테헤란로87길 36, (삼성동) 12층","* Solidity 기반 스마트 컨트랙트 개발
* 블록체인 기술 연구개발
* 블록체인 기반 물류 서비스 리서치",                                                                                                 
레브잇,98,"서울 관악구 봉천로 456, (봉천동) 6층","<span class=""colour"" style=""color: var(--palette-label-normal);"">레브잇은 ""올웨이즈""라는 모바일 커머스를 운영하고 있습니다.</span>
올웨이즈는 Discovery형 커머스로, 게임, 소셜 등의 다양한 서비스들을 커머스에 녹여내고 있으며,
2021년 9월 앱 정식 런칭 이후 빠르게 성장하여, 2024년 1월 기준 MAU 340만, DAU 160만, 월 거래액 640억을 달성했습니다.

[합류하게 될 팀]
• <span class=""colour"" style=""color: rgb(29, 28, 29);"">Full Stack Engineer</span>는 CEO 산하에서 레브잇의 중단기적 목표 설정과 목표 달성을 위한 비즈니스 전략을 수립합니다.
• 현재는 레브잇의 비전인 “모두가 매일 사용하는 초저가 커머스 플랫폼”을 실현하기 위해, 조직적으로 집중해야 할 상품군과 가격대를 정의하는 작업을 진행 중입니다.
• 레브잇의 모든 구성원은 누군가에게 업무를 지시하는 것이 아니라, 본인 영역의 직무전문성을 발휘하고 동료들과 협업하여 비즈니스 목표달성에 기여하고 있습니다.

[Core Value]
1\. Levit \- wide Impact
• 레브잇 전사적 관점에서 고객에게 더 큰 임팩트를 제공할 수 있는 결정과 실행을 한다.
• 실제 성과로 임팩트를 증명하고 탁월함을 인정받는다.

2\. Speed with Impact
• 과감한 우선순위에 따라 선택과 집중을 한다.
• 바꿀 수 있는 일을 바로 실행하고, 바꿀 수 없는 일은 수정할 수 있도록 만든다.
• 빠르게 실행하고 점검하고 개선하는 사이클을 만든다.
• 더 빠르게 효율을 낼 수 있는 역량을 끊임없이 배우고 개발한다.
• 속도에만 집중하여 임팩트를 해치지 않는다.

### 주요업무

<span class=""colour"" style=""color: var(--palette-label-normal);"">• </span>올웨이즈 Strategy Team 은 올웨이즈의 비즈니스 방향성을 수립을 위해, 고객반응을 확인하는 실험을 지속적으로 진행합니다.
<span class=""colour"" style=""color: var(--palette-label-normal);"">• </span>Full stack Engineer는 해당 실험의 설계, 개발, 테스트 및 운영을 담당합니다. 또한, 빠르게 다양한 가설을 기반으로 실험을 설계하고 고객반응을 확인할 수 있는 실험 시스템을 구축합니다.
<span class=""colour"" style=""color: var(--palette-label-normal);"">• </span>Full stack Engineer는 비즈니스 방향성 설정에 필요한 시장 데이터 가시성 확보를 위한 데이터 시스템을 구축합니다.","              회사 규모:                     채용 및 전형 절차: <span class=""color: var(--palette-label-normal);"">레브잇은 ""올웨이즈""라는 모바일 커머스를 운영하고 있습니다."
