id,combined_Languages,combined_Frameworks,combined_Libraries,combined_Tools,preferred_Languages,preferred_Frameworks,preferred_Libraries,preferred_Tools
29332,,,,,,,,
10097,,,,,,,,
29374,,,,,,,,
22378,,,,,,,,
27375,,,,,,,,
29375,,,,,,,,
29493,,,,,,,,
28411,,,,,,,,
29542,,,,,,,,
29492,,,,,,,,
29539,,,,,,,,
22379,,,,,,,,
29540,,,,,,,,
29538,,,,,,,,
29537,,,,,,,,
29536,,,,,,,,
29534,,,,,,,,
29533,,,,,,,,
29501,,,,,,,,
29541,,,,,,,,
29532,,,,,,,,
28571,,,,,,,,
29531,,,,,,,,
29535,,,,,,,,
29529,,,,,,,,
29528,,,,,,,,
29530,,,,,,,,
26913,,,,,,,,
28586,,,,,,,,
28024,,,,,,,,
29525,,,,,,,,
26429,,,,,,,,
29474,,,,,,,,
28680,,,,,,,,
29523,,,,,,,,
29524,,,,,,,,
29397,,,,,,,,
28929,,,,,,,,
29519,,,,,,,,
29520,,,,,,,,
29518,,,,,,,,
29499,,,,,,,,
29471,,,,,,,,
29500,,,,,,,,
16048,,,,,,,,
29497,,,,,,,,
15923,,,,,,,,
29496,,,,,,,,
29495,,,,,,,,
26099,,,,,,,,
29491,,,,,,,,
29490,,,,,,,,
29489,,,,,,,,
9329,,,,,,,,
15860,,,,,,,,
29486,,,,,,,,
29488,,,,,,,,
10437,,,,,,,,
26459,,,,,,,,
29476,,,,,,,,
29485,,,,,,,,
29487,,,,,,,,
27018,,,,,,,,
29371,,,,,,,,
10695,,,,,,,,
27017,,,,,,,,
29483,,,,,,,,
29480,,,,,,,,
29373,,,,,,,,
29482,,,,,,,,
29481,,,,,,,,
10698,,,,,,,,
10697,,,,,,,,
10687,,,,,,,,
29436,,,,,,,,
29460,,,,,,,,
29478,,,,,,,,
29290,,,,,,,,
10696,,,,,,,,
28059,,,,,,,,
28593,,,,,,,,
28747,,,,,,,,
28294,,,,,,,,
29393,,,,,,,,
29470,,,,,,,,
29469,,,,,,,,
29426,,,,,,,,
14672,,,,,,,,
10688,,,,,,,,
10689,,,,,,,,
29462,,,,,,,,
24106,,,,,,,,
4194,,,,,,,,
29463,,,,,,,,
29339,,,,,,,,
11389,,,,,,,,
29456,,,,,,,,
29467,,,,,,,,
29464,,,,,,,,
29465,,,,,,,,
29468,,,,,,,,
29466,,,,,,,,
22346,,,,,,,,
22402,,,,,,,,
1735,,,,,,,,
26179,,,,,,,,
25228,,,,,,,,
19941,,,,,,,,
19940,,,,,,,,
28952,,,,,,,,
19852,,,,,,,,
28621,,,,,,,,
28937,,,,,,,,
2385,,,,,,,,
29454,,,,,,,,
15890,,,,,,,,
29452,,,,,,,,
28940,,,,,,,,
28468,,,,,,,,
29437,,,,,,,,
26824,,,,,,,,
22505,,,,,,,,
29433,,,,,,,,
9175,,,,,,,,
18455,,,,,,,,
29423,,,,,,,,
29429,,,,,,,,
28865,,,,,,,,
29417,,,,,,,,
29304,,,,,,,,
27511,,,,,,,,
29416,,,,,,,,
14746,,,,,,,,
29418,,,,,,,,
29398,,,,,,,,
1371,,,,,,,,
13531,,,,,,,,
9206,,,,,,,,
29402,,,,,,,,
29403,,,,,,,,
29400,,,,,,,,
29401,,,,,,,,
29399,,,,,,,,
14892,,,,,,,,
28503,,,,,,,,
27061,,,,,,,,
21644,,,,,,,,
29388,,,,,,,,
29386,,,,,,,,
29382,,,,,,,,
29385,,,,,,,,
29381,,,,,,,,
17194,,,,,,,,
28609,,,,,,,,
29363,,,,,,,,
29380,,,,,,,,
29210,,,,,,,,
29372,,,,,,,,
28755,,,,,,,,
29361,,,,,,,,
28674,,,,,,,,
29360,,,,,,,,
29357,,,,,,,,
29355,,,,,,,,
6647,,,,,,,,
27815,,,,,,,,
29353,,,,,,,,
29351,,,,,,,,
1207,,,,,,,,
29341,,,,,,,,
29359,,,,,,,,
29350,,,,,,,,
28565,,,,,,,,
29321,,,,,,,,
27808,,,,,,,,
29291,,,,,,,,
20779,,,,,,,,
29324,,,,,,,,
22467,,,,,,,,
13001,,,,,,,,
26894,,,,,,,,
15691,,,,,,,,
29292,,,,,,,,
16039,,,,,,,,
27097,,,,,,,,
29302,,,,,,,,
22670,,,,,,,,
29207,,,,,,,,
26465,,,,,,,,
8770,,,,,,,,
29320,,,,,,,,
29288,,,,,,,,
29223,,,,,,,,
29209,,,,,,,,
28685,,,,,,,,
21663,,,,,,,,
15687,,,,,,,,
9708,,,,,,,,
29190,,,,,,,,
29189,,,,,,,,
28808,,,,,,,,
28509,,,,,,,,
28427,,,,,,,,
28514,,,,,,,,
26299,,,,,,,,
14868,,,,,,,,
28677,,,,,,,,
29099,,,,,,,,
10095,,,,,,,,
14906,,,,,,,,
26980,,,,,,,,
6194,,,,,,,,
14886,,,,,,,,
28423,,,,,,,,
14887,,,,,,,,
29092,,,,,,,,
26979,,,,,,,,
16866,,,,,,,,
29056,,,,,,,,
14597,,,,,,,,
29044,,,,,,,,
28993,,,,,,,,
16437,,,,,,,,
28106,,,,,,,,
28991,,,,,,,,
28961,,,,,,,,
28661,,,,,,,,
9603,,,,,,,,
28926,,,,,,,,
28928,,,,,,,,
28927,,,,,,,,
28422,,,,,,,,
28913,,,,,,,,
28925,,,,,,,,
28904,,,,,,,,
28909,,,,,,,,
22845,,,,,,,,
24679,,,,,,,,
28406,,,,,,,,
14641,,,,,,,,
28901,,,,,,,,
28085,,,,,,,,
13037,,,,,,,,
16329,,,,,,,,
15689,,,,,,,,
28870,,,,,,,,
20291,,,,,,,,
15693,,,,,,,,
15704,,,,,,,,
27062,,,,,,,,
16266,,,,,,,,
28879,,,,,,,,
28871,,,,,,,,
28866,,,,,,,,
28873,,,,,,,,
9643,,,,,,,,
28872,,,,,,,,
9648,,,,,,,,
27100,,,,,,,,
26963,,,,,,,,
28813,,,,,,,,
28801,,,,,,,,
28804,,,,,,,,
28749,,,,,,,,
28732,,,,,,,,
28744,,,,,,,,
28418,,,,,,,,
28737,,,,,,,,
28746,,,,,,,,
28743,,,,,,,,
27595,,,,,,,,
28735,,,,,,,,
12168,,,,,,,,
28726,,,,,,,,
28729,,,,,,,,
28701,,,,,,,,
28675,,,,,,,,
28676,,,,,,,,
14829,,,,,,,,
28671,,,,,,,,
28669,,,,,,,,
26497,,,,,,,,
28462,,,,,,,,
14827,,,,,,,,
28574,,,,,,,,
28626,,,,,,,,
9302,,,,,,,,
28605,,,,,,,,
27021,,,,,,,,
28599,,,,,,,,
28604,,,,,,,,
28585,,,,,,,,
28668,,,,,,,,
27047,,,,,,,,
28660,,,,,,,,
28598,,,,,,,,
9284,,,,,,,,
28583,,,,,,,,
26981,,,,,,,,
26982,,,,,,,,
22657,,,,,,,,
25994,,,,,,,,
25995,,,,,,,,
28502,,,,,,,,
28563,,,,,,,,
28099,,,,,,,,
27580,,,,,,,,
28508,,,,,,,,
28272,,,,,,,,
28344,,,,,,,,
28501,,,,,,,,
27099,,,,,,,,
28435,,,,,,,,
28463,,,,,,,,
28425,,,,,,,,
28401,,,,,,,,
28421,,,,,,,,
28434,,,,,,,,
16890,,,,,,,,
28398,,,,,,,,
26533,,,,,,,,
28347,,,,,,,,
28025,,,,,,,,
28328,,,,,,,,
21115,,,,,,,,
16046,,,,,,,,
28301,,,,,,,,
13899,,,,,,,,
28287,,,,,,,,
11438,,,,,,,,
28305,,,,,,,,
11436,,,,,,,,
5232,,,,,,,,
28266,,,,,,,,
11730,,,,,,,,
28265,,,,,,,,
28264,,,,,,,,
4549,,,,,,,,
28270,,,,,,,,
22842,,,,,,,,
27064,,,,,,,,
22839,,,,,,,,
28223,,,,,,,,
28220,,,,,,,,
22843,,,,,,,,
28225,,,,,,,,
27297,,,,,,,,
28219,,,,,,,,
28163,,,,,,,,
12505,,,,,,,,
28215,,,,,,,,
28161,,,,,,,,
28218,,,,,,,,
16551,,,,,,,,
22137,,,,,,,,
28153,,,,,,,,
28113,,,,,,,,
28115,,,,,,,,
28114,,,,,,,,
28117,,,,,,,,
28118,,,,,,,,
18430,,,,,,,,
11113,,,,,,,,
18857,,,,,,,,
28074,,,,,,,,
27671,,,,,,,,
28053,,,,,,,,
28073,,,,,,,,
16888,,,,,,,,
26821,,,,,,,,
27841,,,,,,,,
28017,,,,,,,,
27308,,,,,,,,
27748,,,,,,,,
27835,,,,,,,,
17868,,,,,,,,
17864,,,,,,,,
17871,,,,,,,,
17870,,,,,,,,
26491,,,,,,,,
17872,,,,,,,,
26496,,,,,,,,
27750,,,,,,,,
27753,,,,,,,,
26498,,,,,,,,
27749,,,,,,,,
27743,,,,,,,,
27683,,,,,,,,
27747,,,,,,,,
27400,,,,,,,,
22725,,,,,,,,
22753,,,,,,,,
26430,,,,,,,,
21707,,,,,,,,
1496,,,,,,,,
27188,,,,,,,,
27527,,,,,,,,
27080,,,,,,,,
11639,,,,,,,,
27509,,,,,,,,
24240,,,,,,,,
27507,,,,,,,,
27406,,,,,,,,
19113,,,,,,,,
19112,,,,,,,,
27398,,,,,,,,
27200,,,,,,,,
11388,,,,,,,,
27393,,,,,,,,
27389,,,,,,,,
27210,,,,,,,,
21052,,,,,,,,
27193,,,,,,,,
27192,,,,,,,,
4724,,,,,,,,
27194,,,,,,,,
4725,,,,,,,,
21053,,,,,,,,
21055,,,,,,,,
12920,,,,,,,,
26466,,,,,,,,
27010,,,,,,,,
27095,,,,,,,,
26967,,,,,,,,
13537,,,,,,,,
26958,,,,,,,,
26955,,,,,,,,
26954,,,,,,,,
16007,,,,,,,,
26953,,,,,,,,
26951,,,,,,,,
26950,,,,,,,,
26930,,,,,,,,
26929,,,,,,,,
26952,,,,,,,,
26887,,,,,,,,
26902,,,,,,,,
26957,,,,,,,,
12057,,,,,,,,
26956,,,,,,,,
13135,,,,,,,,
11921,,,,,,,,
26848,,,,,,,,
16968,,,,,,,,
17621,,,,,,,,
26881,,,,,,,,
16388,,,,,,,,
15935,,,,,,,,
18570,,,,,,,,
15921,,,,,,,,
16726,,,,,,,,
25294,,,,,,,,
26599,,,,,,,,
23743,,,,,,,,
13713,,,,,,,,
15845,,,,,,,,
26453,,,,,,,,
15803,,,,,,,,
22096,,,,,,,,
15844,,,,,,,,
26286,,,,,,,,
15933,,,,,,,,
15839,,,,,,,,
15838,,,,,,,,
15840,,,,,,,,
15843,,,,,,,,
9283,,,,,,,,
15841,,,,,,,,
8747,,,,,,,,
22948,,,,,,,,
26087,,,,,,,,
26130,,,,,,,,
12962,,,,,,,,
25965,,,,,,,,
24668,,,,,,,,
22936,,,,,,,,
24604,,,,,,,,
5360,,,,,,,,
24964,,,,,,,,
24117,,,,,,,,
24109,,,,,,,,
24603,,,,,,,,
10008,,,,,,,,
22934,,,,,,,,
23875,,,,,,,,
22944,,,,,,,,
10099,,,,,,,,
22470,,,,,,,,
17721,,,,,,,,
22813,,,,,,,,
22471,,,,,,,,
22502,,,,,,,,
22750,,,,,,,,
22729,,,,,,,,
22465,,,,,,,,
22377,,,,,,,,
22202,,,,,,,,
20230,,,,,,,,
22055,,,,,,,,
12526,,,,,,,,
10938,,,,,,,,
15842,,,,,,,,
18408,,,,,,,,
16470,,,,,,,,
21787,,,,,,,,
21786,,,,,,,,
21330,,,,,,,,
21667,,,,,,,,
23216,,,,,,,,
8664,,,,,,,,
19513,,,,,,,,
15883,,,,,,,,
21164,,,,,,,,
8670,,,,,,,,
21078,,,,,,,,
6389,,,,,,,,
17611,,,,,,,,
17292,,,,,,,,
11858,,,,,,,,
19780,,,,,,,,
19689,,,,,,,,
19566,,,,,,,,
19487,,,,,,,,
19554,,,,,,,,
19227,,,,,,,,
19564,,,,,,,,
17720,,,,,,,,
19527,,,,,,,,
12030,,,,,,,,
16854,,,,,,,,
10700,,,,,,,,
19099,,,,,,,,
19115,,,,,,,,
12034,,,,,,,,
19111,,,,,,,,
12024,,,,,,,,
19114,,,,,,,,
9567,,,,,,,,
6027,,,,,,,,
18876,,,,,,,,
18837,,,,,,,,
13753,,,,,,,,
18812,,,,,,,,
13592,,,,,,,,
13738,,,,,,,,
13047,,,,,,,,
18763,,,,,,,,
18728,,,,,,,,
18476,,,,,,,,
17869,,,,,,,,
18662,,,,,,,,
18075,,,,,,,,
17949,,,,,,,,
18477,,,,,,,,
18148,,,,,,,,
18074,,,,,,,,
17863,,,,,,,,
17843,,,,,,,,
16522,,,,,,,,
17763,,,,,,,,
17747,,,,,,,,
17666,,,,,,,,
17748,,,,,,,,
17665,,,,,,,,
17437,,,,,,,,
17453,,,,,,,,
17436,,,,,,,,
17280,,,,,,,,
17433,,,,,,,,
6581,,,,,,,,
17434,,,,,,,,
17091,,,,,,,,
17088,,,,,,,,
17090,,,,,,,,
17093,,,,,,,,
17096,,,,,,,,
17089,,,,,,,,
17011,,,,,,,,
16965,,,,,,,,
16615,,,,,,,,
1056,,,,,,,,
6583,,,,,,,,
11244,,,,,,,,
15874,,,,,,,,
16973,,,,,,,,
14739,,,,,,,,
12762,,,,,,,,
12853,,,,,,,,
8705,,,,,,,,
3315,,,,,,,,
15939,,,,,,,,
15942,,,,,,,,
15940,,,,,,,,
15936,,,,,,,,
15930,,,,,,,,
15941,,,,,,,,
15918,,,,,,,,
14200,,,,,,,,
10936,,,,,,,,
12988,,,,,,,,
15731,,,,,,,,
13799,,,,,,,,
15523,,,,,,,,
15412,,,,,,,,
12856,,,,,,,,
12889,,,,,,,,
12900,,,,,,,,
14975,,,,,,,,
14274,,,,,,,,
11747,,,,,,,,
14849,,,,,,,,
11746,,,,,,,,
15014,,,,,,,,
8866,,,,,,,,
14646,,,,,,,,
14626,,,,,,,,
14531,,,,,,,,
14513,,,,,,,,
14525,,,,,,,,
14524,,,,,,,,
14530,,,,,,,,
14527,,,,,,,,
7130,,,,,,,,
14477,,,,,,,,
9626,,,,,,,,
14388,,,,,,,,
12763,,,,,,,,
14308,,,,,,,,
13454,,,,,,,,
14389,,,,,,,,
14084,,,,,,,,
11793,,,,,,,,
13822,,,,,,,,
13733,,,,,,,,
11867,,,,,,,,
14387,,,,,,,,
13446,,,,,,,,
13457,,,,,,,,
11870,,,,,,,,
10511,,,,,,,,
12325,,,,,,,,
13206,,,,,,,,
13147,,,,,,,,
13277,,,,,,,,
13032,,,,,,,,
8110,,,,,,,,
12598,,,,,,,,
1633,,,,,,,,
4598,,,,,,,,
12593,,,,,,,,
12596,,,,,,,,
12551,,,,,,,,
13556,,,,,,,,
12552,,,,,,,,
12524,,,,,,,,
12595,,,,,,,,
3092,,,,,,,,
9162,,,,,,,,
12006,,,,,,,,
12518,,,,,,,,
12141,,,,,,,,
12090,,,,,,,,
12150,,,,,,,,
10702,,,,,,,,
11412,,,,,,,,
5144,,,,,,,,
9669,,,,,,,,
7476,,,,,,,,
11387,,,,,,,,
10653,,,,,,,,
9179,,,,,,,,
6080,,,,,,,,
10609,,,,,,,,
7697,,,,,,,,
9858,,,,,,,,
9834,,,,,,,,
9833,,,,,,,,
8742,,,,,,,,
9838,,,,,,,,
9827,,,,,,,,
9817,,,,,,,,
9816,,,,,,,,
9671,,,,,,,,
8940,,,,,,,,
8740,,,,,,,,
10070,,,,,,,,
1632,,,,,,,,
8648,,,,,,,,
3842,,,,,,,,
7579,,,,,,,,
1635,,,,,,,,
6518,,,,,,,,
5456,,,,,,,,
7148,,,,,,,,
4121,,,,,,,,
4065,,,,,,,,
3159,,,,,,,,
183944,,,,,,,,
261194,,,,,,,,
261274,,,,,,,,
183943,,,,,,,,
260353,,,,,,,,
235498,,,,,,,,
260839,,,,,,,,
255353,,,,,,,,
261508,,,,,,,,
260957,,,,,,,,
260899,,,,,,,,
158341,,,,,,,,
261330,,,,,,,,
261423,,,,,,,,
260782,,,,,,,,
260096,,,,,,,,
261214,,,,,,,,
172050,,,,,,,,
254320,,,,,,,,
259909,,,,,,,,
260630,,,,,,,,
261037,,,,,,,,
253556,,,,,,,,
254609,,,,,,,,
261069,,,,,,,,
255984,,,,,,,,
253744,,,,,,,,
261432,,,,,,,,
258981,,,,,,,,
261429,,,,,,,,
255556,,,,,,,,
261315,,,,,,,,
260813,,,,,,,,
260428,,,,,,,,
259949,,,,,,,,
259418,,,,,,,,
238946,,,,,,,,
259106,,,,,,,,
258689,,,,,,,,
260944,,,,,,,,
259852,,,,,,,,
260900,,,,,,,,
254245,,,,,,,,
230882,,,,,,,,
258530,,,,,,,,
258665,,,,,,,,
261203,,,,,,,,
240957,,,,,,,,
251618,,,,,,,,
261122,,,,,,,,
261150,,,,,,,,
254228,,,,,,,,
258875,,,,,,,,
261304,,,,,,,,
261123,,,,,,,,
261183,,,,,,,,
254304,,,,,,,,
260402,,,,,,,,
260615,,,,,,,,
255842,,,,,,,,
222016,,,,,,,,
258752,,,,,,,,
252100,,,,,,,,
260723,,,,,,,,
261211,,,,,,,,
259109,,,,,,,,
260594,,,,,,,,
213384,,,,,,,,
253557,,,,,,,,
261021,,,,,,,,
260906,,,,,,,,
253817,,,,,,,,
157781,,,,,,,,
258249,,,,,,,,
256365,,,,,,,,
206494,,,,,,,,
260893,,,,,,,,
258850,,,,,,,,
227956,,,,,,,,
254653,,,,,,,,
254114,,,,,,,,
240930,,,,,,,,
260027,,,,,,,,
196325,,,,,,,,
256242,,,,,,,,
260915,,,,,,,,
250400,,,,,,,,
261051,,,,,,,,
246633,,,,,,,,
224912,,,,,,,,
220739,,,,,,,,
260195,,,,,,,,
259980,,,,,,,,
238729,,,,,,,,
159402,,,,,,,,
200970,,,,,,,,
244824,,,,,,,,
261471,,,,,,,,
255190,,,,,,,,
259835,,,,,,,,
255716,,,,,,,,
260581,,,,,,,,
229469,,,,,,,,
261393,,,,,,,,
255905,,,,,,,,
233013,,,,,,,,
260181,,,,,,,,
256909,,,,,,,,
251806,,,,,,,,
260691,,,,,,,,
252063,,,,,,,,
260335,,,,,,,,
260655,,,,,,,,
253537,,,,,,,,
259886,,,,,,,,
236379,,,,,,,,
261163,,,,,,,,
258581,,,,,,,,
217825,,,,,,,,
245126,,,,,,,,
259269,,,,,,,,
229084,,,,,,,,
253786,,,,,,,,
215576,,,,,,,,
253196,,,,,,,,
59566,,,,,,,,
260372,,,,,,,,
165550,,,,,,,,
258776,,,,,,,,
257222,,,,,,,,
242889,,,,,,,,
225274,,,,,,,,
260309,,,,,,,,
260383,,,,,,,,
157412,,,,,,,,
260026,,,,,,,,
255593,,,,,,,,
253587,,,,,,,,
250096,,,,,,,,
260287,,,,,,,,
249206,,,,,,,,
260699,,,,,,,,
252366,,,,,,,,
256407,,,,,,,,
222784,,,,,,,,
258995,,,,,,,,
225016,,,,,,,,
248560,,,,,,,,
256217,,,,,,,,
261586,,,,,,,,
249514,,,,,,,,
250872,,,,,,,,
259036,,,,,,,,
255370,,,,,,,,
258158,,,,,,,,
261219,,,,,,,,
261224,,,,,,,,
248140,,,,,,,,
214637,,,,,,,,
247679,,,,,,,,
246462,,,,,,,,
258865,,,,,,,,
251951,,,,,,,,
261376,,,,,,,,
248996,,,,,,,,
259507,,,,,,,,
260140,,,,,,,,
126370,,,,,,,,
259968,,,,,,,,
249396,,,,,,,,
249518,,,,,,,,
233436,,,,,,,,
257543,,,,,,,,
169419,,,,,,,,
259965,,,,,,,,
249337,,,,,,,,
257698,,,,,,,,
255463,,,,,,,,
260716,,,,,,,,
254691,,,,,,,,
260895,,,,,,,,
261312,,,,,,,,
216934,,,,,,,,
260473,,,,,,,,
258898,,,,,,,,
252862,,,,,,,,
253072,,,,,,,,
252615,,,,,,,,
245339,,,,,,,,
255007,,,,,,,,
260558,,,,,,,,
259535,,,,,,,,
253906,,,,,,,,
203589,,,,,,,,
261202,,,,,,,,
225801,,,,,,,,
261078,,,,,,,,
245064,,,,,,,,
259073,,,,,,,,
250110,,,,,,,,
261266,,,,,,,,
247649,,,,,,,,
261335,,,,,,,,
254881,,,,,,,,
225076,,,,,,,,
136818,,,,,,,,
185538,,,,,,,,
139895,,,,,,,,
252434,,,,,,,,
261244,,,,,,,,
253121,,,,,,,,
230871,,,,,,,,
256813,,,,,,,,
261588,,,,,,,,
260073,,,,,,,,
236866,,,,,,,,
248906,,,,,,,,
246991,,,,,,,,
202517,,,,,,,,
243135,,,,,,,,
256070,,,,,,,,
257888,,,,,,,,
260781,,,,,,,,
252262,,,,,,,,
259879,,,,,,,,
258197,,,,,,,,
256369,,,,,,,,
245712,,,,,,,,
257796,,,,,,,,
254546,,,,,,,,
261212,,,,,,,,
261100,,,,,,,,
244812,,,,,,,,
246620,,,,,,,,
242157,,,,,,,,
214489,,,,,,,,
230103,,,,,,,,
260316,,,,,,,,
254016,,,,,,,,
258288,,,,,,,,
254698,,,,,,,,
197139,,,,,,,,
261217,,,,,,,,
261478,,,,,,,,
237402,,,,,,,,
238718,,,,,,,,
260434,,,,,,,,
261535,,,,,,,,
252273,,,,,,,,
231627,,,,,,,,
256662,,,,,,,,
259291,,,,,,,,
255914,,,,,,,,
245117,,,,,,,,
169285,,,,,,,,
258935,,,,,,,,
252156,,,,,,,,
257472,,,,,,,,
253318,,,,,,,,
229114,,,,,,,,
259725,,,,,,,,
259098,,,,,,,,
85836,,,,,,,,
253428,,,,,,,,
261071,,,,,,,,
257629,,,,,,,,
240091,,,,,,,,
255931,,,,,,,,
259904,,,,,,,,
242590,,,,,,,,
259805,,,,,,,,
239238,,,,,,,,
250923,,,,,,,,
150575,,,,,,,,
249211,,,,,,,,
247617,,,,,,,,
261505,,,,,,,,
260179,,,,,,,,
259306,,,,,,,,
251607,,,,,,,,
257298,,,,,,,,
256907,,,,,,,,
261096,,,,,,,,
253325,,,,,,,,
257252,,,,,,,,
260176,,,,,,,,
261157,,,,,,,,
259049,,,,,,,,
220424,,,,,,,,
260791,,,,,,,,
233033,,,,,,,,
260437,,,,,,,,
237526,,,,,,,,
254246,,,,,,,,
154609,,,,,,,,
253583,,,,,,,,
203273,,,,,,,,
257460,,,,,,,,
198559,,,,,,,,
258979,,,,,,,,
233519,,,,,,,,
257202,,,,,,,,
246217,,,,,,,,
260379,,,,,,,,
181960,,,,,,,,
229595,,,,,,,,
247590,,,,,,,,
257299,,,,,,,,
261101,,,,,,,,
259437,,,,,,,,
136783,,,,,,,,
253162,,,,,,,,
215978,,,,,,,,
243804,,,,,,,,
245214,,,,,,,,
255516,,,,,,,,
261107,,,,,,,,
255787,,,,,,,,
260067,,,,,,,,
258715,,,,,,,,
259250,,,,,,,,
259953,,,,,,,,
94542,,,,,,,,
261557,,,,,,,,
226146,,,,,,,,
260844,,,,,,,,
253070,,,,,,,,
198604,,,,,,,,
168259,,,,,,,,
257552,,,,,,,,
261076,,,,,,,,
166475,,,,,,,,
245152,,,,,,,,
231628,,,,,,,,
256685,,,,,,,,
251274,,,,,,,,
216316,,,,,,,,
261507,,,,,,,,
242291,,,,,,,,
232917,,,,,,,,
159950,,,,,,,,
245623,,,,,,,,
253194,,,,,,,,
252276,,,,,,,,
253444,,,,,,,,
257517,,,,,,,,
259927,,,,,,,,
230665,,,,,,,,
85633,,,,,,,,
255983,,,,,,,,
253671,,,,,,,,
259857,,,,,,,,
241773,,,,,,,,
197730,,,,,,,,
220519,,,,,,,,
242708,,,,,,,,
250772,,,,,,,,
253417,,,,,,,,
261313,,,,,,,,
220622,,,,,,,,
257752,,,,,,,,
261564,,,,,,,,
247712,,,,,,,,
257204,,,,,,,,
247998,,,,,,,,
110126,,,,,,,,
225840,,,,,,,,
252925,,,,,,,,
260251,,,,,,,,
226657,,,,,,,,
223117,,,,,,,,
256314,,,,,,,,
260111,,,,,,,,
257454,,,,,,,,
260445,,,,,,,,
211570,,,,,,,,
255146,,,,,,,,
157782,,,,,,,,
254513,,,,,,,,
259455,,,,,,,,
260270,,,,,,,,
243841,,,,,,,,
261541,,,,,,,,
227361,,,,,,,,
252698,,,,,,,,
249858,,,,,,,,
139191,,,,,,,,
248658,,,,,,,,
255209,,,,,,,,
212676,,,,,,,,
259727,,,,,,,,
253604,,,,,,,,
260350,,,,,,,,
253095,,,,,,,,
249523,,,,,,,,
259447,,,,,,,,
257702,,,,,,,,
259553,,,,,,,,
258213,,,,,,,,
241300,,,,,,,,
261146,,,,,,,,
234456,,,,,,,,
259204,,,,,,,,
205341,,,,,,,,
260354,,,,,,,,
261480,,,,,,,,
248160,,,,,,,,
259642,,,,,,,,
249590,,,,,,,,
240082,,,,,,,,
260787,,,,,,,,
258938,,,,,,,,
234731,,,,,,,,
258750,,,,,,,,
252960,,,,,,,,
258941,,,,,,,,
261385,,,,,,,,
255944,,,,,,,,
251643,,,,,,,,
257215,,,,,,,,
256225,,,,,,,,
258539,,,,,,,,
251440,,,,,,,,
259710,,,,,,,,
213109,,,,,,,,
258783,,,,,,,,
250160,,,,,,,,
181911,,,,,,,,
251906,,,,,,,,
245024,,,,,,,,
254617,,,,,,,,
257976,,,,,,,,
238939,,,,,,,,
251223,,,,,,,,
249330,,,,,,,,
260050,,,,,,,,
253091,,,,,,,,
224510,,,,,,,,
258449,,,,,,,,
252464,,,,,,,,
260713,,,,,,,,
250559,,,,,,,,
245713,,,,,,,,
258893,,,,,,,,
261460,,,,,,,,
258699,,,,,,,,
259926,,,,,,,,
246229,,,,,,,,
256916,,,,,,,,
251436,,,,,,,,
209837,,,,,,,,
230141,,,,,,,,
208585,,,,,,,,
259034,,,,,,,,
256104,,,,,,,,
212674,,,,,,,,
251161,,,,,,,,
246728,,,,,,,,
259199,,,,,,,,
243295,,,,,,,,
258827,,,,,,,,
251918,,,,,,,,
171889,,,,,,,,
207873,,,,,,,,
251265,,,,,,,,
259188,,,,,,,,
245716,,,,,,,,
246469,,,,,,,,
247495,,,,,,,,
205410,,,,,,,,
257183,,,,,,,,
244242,,,,,,,,
258855,,,,,,,,
251480,,,,,,,,
260404,,,,,,,,
254644,,,,,,,,
250538,,,,,,,,
245177,,,,,,,,
258022,,,,,,,,
259775,,,,,,,,
248360,,,,,,,,
252816,,,,,,,,
242205,,,,,,,,
251417,,,,,,,,
257954,,,,,,,,
258050,,,,,,,,
247400,,,,,,,,
259869,,,,,,,,
238579,,,,,,,,
258371,,,,,,,,
254989,,,,,,,,
208568,,,,,,,,
255638,,,,,,,,
231440,,,,,,,,
259357,,,,,,,,
135086,,,,,,,,
258888,,,,,,,,
224237,,,,,,,,
209473,,,,,,,,
240877,,,,,,,,
233034,,,,,,,,
261003,,,,,,,,
258495,,,,,,,,
237208,,,,,,,,
237548,,,,,,,,
259641,,,,,,,,
258078,,,,,,,,
253808,,,,,,,,
254972,,,,,,,,
229465,,,,,,,,
253527,,,,,,,,
248021,,,,,,,,
255121,,,,,,,,
254447,,,,,,,,
260209,,,,,,,,
261473,,,,,,,,
233837,,,,,,,,
259021,,,,,,,,
252298,,,,,,,,
251386,,,,,,,,
190418,,,,,,,,
259183,,,,,,,,
220949,,,,,,,,
259929,,,,,,,,
244393,,,,,,,,
216539,,,,,,,,
259303,,,,,,,,
261097,,,,,,,,
254774,,,,,,,,
190071,,,,,,,,
250560,,,,,,,,
250731,,,,,,,,
244310,,,,,,,,
189865,,,,,,,,
250197,,,,,,,,
178484,,,,,,,,
233938,,,,,,,,
261381,,,,,,,,
135822,,,,,,,,
259460,,,,,,,,
244971,,,,,,,,
183049,,,,,,,,
245764,,,,,,,,
246211,,,,,,,,
244674,,,,,,,,
256904,,,,,,,,
260869,,,,,,,,
247452,,,,,,,,
256743,,,,,,,,
250001,,,,,,,,
260535,,,,,,,,
254951,,,,,,,,
241167,,,,,,,,
258886,,,,,,,,
242023,,,,,,,,
237709,,,,,,,,
228170,,,,,,,,
218919,,,,,,,,
249210,,,,,,,,
238561,,,,,,,,
260005,,,,,,,,
254199,,,,,,,,
246185,,,,,,,,
241895,,,,,,,,
256877,,,,,,,,
247709,,,,,,,,
114868,,,,,,,,
160880,,,,,,,,
252891,,,,,,,,
253423,,,,,,,,
261493,,,,,,,,
253794,,,,,,,,
218542,,,,,,,,
261286,,,,,,,,
257889,,,,,,,,
236678,,,,,,,,
254901,,,,,,,,
249738,,,,,,,,
224840,,,,,,,,
255517,,,,,,,,
248858,,,,,,,,
212583,,,,,,,,
253176,,,,,,,,
250627,,,,,,,,
248343,,,,,,,,
244580,,,,,,,,
246247,,,,,,,,
204942,,,,,,,,
238796,,,,,,,,
174091,,,,,,,,
253684,,,,,,,,
249453,,,,,,,,
261043,,,,,,,,
228122,,,,,,,,
245694,,,,,,,,
260926,,,,,,,,
244324,,,,,,,,
258622,,,,,,,,
254743,,,,,,,,
229086,,,,,,,,
257382,,,,,,,,
246628,,,,,,,,
192800,,,,,,,,
260319,,,,,,,,
261364,,,,,,,,
230788,,,,,,,,
250828,,,,,,,,
260823,,,,,,,,
259251,,,,,,,,
237078,,,,,,,,
231803,,,,,,,,
258350,,,,,,,,
246077,,,,,,,,
260783,,,,,,,,
228740,,,,,,,,
94220,,,,,,,,
248857,,,,,,,,
227961,,,,,,,,
229726,,,,,,,,
248871,,,,,,,,
243469,,,,,,,,
251691,,,,,,,,
258461,,,,,,,,
85839,,,,,,,,
261414,,,,,,,,
258594,,,,,,,,
251092,,,,,,,,
230817,,,,,,,,
258864,,,,,,,,
256326,,,,,,,,
248098,,,,,,,,
256338,,,,,,,,
134887,,,,,,,,
233931,,,,,,,,
222552,,,,,,,,
230664,,,,,,,,
248985,,,,,,,,
253987,,,,,,,,
242969,,,,,,,,
245684,,,,,,,,
252617,,,,,,,,
245631,,,,,,,,
248565,,,,,,,,
248030,,,,,,,,
244675,,,,,,,,
260560,,,,,,,,
260954,,,,,,,,
245161,,,,,,,,
240664,,,,,,,,
259626,,,,,,,,
245180,,,,,,,,
252760,,,,,,,,
256429,,,,,,,,
257884,,,,,,,,
259192,,,,,,,,
252361,,,,,,,,
258512,,,,,,,,
246226,,,,,,,,
253350,,,,,,,,
192256,,,,,,,,
233015,,,,,,,,
241592,,,,,,,,
249035,,,,,,,,
257199,,,,,,,,
256471,,,,,,,,
259741,,,,,,,,
251886,,,,,,,,
231846,,,,,,,,
247587,,,,,,,,
147523,,,,,,,,
260139,,,,,,,,
169416,,,,,,,,
250895,,,,,,,,
258514,,,,,,,,
253949,,,,,,,,
230255,,,,,,,,
250015,,,,,,,,
220416,,,,,,,,
249843,,,,,,,,
254832,,,,,,,,
220956,,,,,,,,
253469,,,,,,,,
251222,,,,,,,,
254734,,,,,,,,
251163,,,,,,,,
257478,,,,,,,,
258128,,,,,,,,
259407,,,,,,,,
260806,,,,,,,,
240733,,,,,,,,
206447,,,,,,,,
252947,,,,,,,,
219652,,,,,,,,
152953,,,,,,,,
256163,,,,,,,,
210921,,,,,,,,
195243,,,,,,,,
253778,,,,,,,,
230451,,,,,,,,
259790,,,,,,,,
255558,,,,,,,,
261084,,,,,,,,
260365,,,,,,,,
254844,,,,,,,,
248982,,,,,,,,
218116,,,,,,,,
151961,,,,,,,,
215981,,,,,,,,
257679,,,,,,,,
256772,,,,,,,,
202630,,,,,,,,
218752,,,,,,,,
212660,,,,,,,,
257959,,,,,,,,
259419,,,,,,,,
250487,,,,,,,,
257224,,,,,,,,
258602,,,,,,,,
260214,,,,,,,,
260311,,,,,,,,
246481,,,,,,,,
257292,,,,,,,,
261572,,,,,,,,
261435,,,,,,,,
246618,,,,,,,,
261356,,,,,,,,
258877,,,,,,,,
226281,,,,,,,,
257062,,,,,,,,
242364,,,,,,,,
246268,,,,,,,,
254012,,,,,,,,
256431,,,,,,,,
256651,,,,,,,,
254098,,,,,,,,
236825,,,,,,,,
234680,,,,,,,,
214516,,,,,,,,
259823,,,,,,,,
260907,,,,,,,,
211566,,,,,,,,
255727,,,,,,,,
150030,,,,,,,,
233032,,,,,,,,
258890,,,,,,,,
147952,,,,,,,,
253884,,,,,,,,
245259,,,,,,,,
257608,,,,,,,,
258687,,,,,,,,
255446,,,,,,,,
258849,,,,,,,,
260359,,,,,,,,
261174,,,,,,,,
221485,,,,,,,,
138941,,,,,,,,
251784,,,,,,,,
254450,,,,,,,,
256560,,,,,,,,
231290,,,,,,,,
259924,,,,,,,,
252778,,,,,,,,
234615,,,,,,,,
250669,,,,,,,,
218810,,,,,,,,
258227,,,,,,,,
169658,,,,,,,,
247064,,,,,,,,
246411,,,,,,,,
199962,,,,,,,,
222863,,,,,,,,
256936,,,,,,,,
216500,,,,,,,,
258267,,,,,,,,
245697,,,,,,,,
253427,,,,,,,,
257368,,,,,,,,
256608,,,,,,,,
257394,,,,,,,,
247509,,,,,,,,
175818,,,,,,,,
250379,,,,,,,,
257232,,,,,,,,
255037,,,,,,,,
134568,,,,,,,,
212342,,,,,,,,
253104,,,,,,,,
245197,,,,,,,,
110132,,,,,,,,
193881,,,,,,,,
241270,,,,,,,,
256616,,,,,,,,
258742,,,,,,,,
247129,,,,,,,,
256240,,,,,,,,
142233,,,,,,,,
245323,,,,,,,,
199491,,,,,,,,
258524,,,,,,,,
225135,,,,,,,,
248511,,,,,,,,
261147,,,,,,,,
251688,,,,,,,,
246470,,,,,,,,
256427,,,,,,,,
259145,,,,,,,,
236055,,,,,,,,
208822,,,,,,,,
186851,,,,,,,,
260037,,,,,,,,
259817,,,,,,,,
245566,,,,,,,,
249253,,,,,,,,
225177,,,,,,,,
257854,,,,,,,,
247640,,,,,,,,
222017,,,,,,,,
261018,,,,,,,,
257229,,,,,,,,
246566,,,,,,,,
261485,,,,,,,,
246829,,,,,,,,
179838,,,,,,,,
109284,,,,,,,,
257318,,,,,,,,
218263,,,,,,,,
250929,,,,,,,,
234611,,,,,,,,
261077,,,,,,,,
220384,,,,,,,,
239920,,,,,,,,
251988,,,,,,,,
250747,,,,,,,,
247310,,,,,,,,
255270,,,,,,,,
243080,,,,,,,,
255354,,,,,,,,
247418,,,,,,,,
225630,,,,,,,,
231453,,,,,,,,
260351,,,,,,,,
252922,,,,,,,,
257148,,,,,,,,
248296,,,,,,,,
237775,,,,,,,,
260897,,,,,,,,
246952,,,,,,,,
238973,,,,,,,,
237547,,,,,,,,
239855,,,,,,,,
238948,,,,,,,,
258332,,,,,,,,
260417,,,,,,,,
256980,,,,,,,,
192033,,,,,,,,
130436,,,,,,,,
259731,,,,,,,,
260896,,,,,,,,
253160,,,,,,,,
254815,,,,,,,,
214491,,,,,,,,
44655,,,,,,,,
261311,,,,,,,,
255461,,,,,,,,
75585,,,,,,,,
256433,,,,,,,,
241735,,,,,,,,
250770,,,,,,,,
259705,,,,,,,,
239341,,,,,,,,
259654,,,,,,,,
226673,,,,,,,,
257367,,,,,,,,
157917,,,,,,,,
225860,,,,,,,,
255041,,,,,,,,
255575,,,,,,,,
198720,,,,,,,,
259505,,,,,,,,
154312,,,,,,,,
251516,,,,,,,,
260632,,,,,,,,
251646,,,,,,,,
189905,,,,,,,,
212945,,,,,,,,
252601,,,,,,,,
261577,,,,,,,,
176306,,,,,,,,
261200,,,,,,,,
250640,,,,,,,,
259462,,,,,,,,
252915,,,,,,,,
254839,,,,,,,,
249248,,,,,,,,
234974,,,,,,,,
256868,,,,,,,,
235682,,,,,,,,
258604,,,,,,,,
254540,,,,,,,,
252895,,,,,,,,
240941,,,,,,,,
245573,,,,,,,,
240143,,,,,,,,
240743,,,,,,,,
260620,,,,,,,,
96202,,,,,,,,
260074,,,,,,,,
249020,,,,,,,,
259352,,,,,,,,
252092,,,,,,,,
250453,,,,,,,,
227556,,,,,,,,
254807,,,,,,,,
245410,,,,,,,,
253418,,,,,,,,
252818,,,,,,,,
190419,,,,,,,,
260785,,,,,,,,
230876,,,,,,,,
208429,,,,,,,,
245319,,,,,,,,
259304,,,,,,,,
242725,,,,,,,,
242440,,,,,,,,
245674,,,,,,,,
258473,,,,,,,,
258889,,,,,,,,
246350,,,,,,,,
239594,,,,,,,,
242787,,,,,,,,
246359,,,,,,,,
255821,,,,,,,,
243234,,,,,,,,
215342,,,,,,,,
258688,,,,,,,,
234298,,,,,,,,
255133,,,,,,,,
239124,,,,,,,,
260822,,,,,,,,
257376,,,,,,,,
256845,,,,,,,,
187299,,,,,,,,
143022,,,,,,,,
260777,,,,,,,,
259584,,,,,,,,
232040,,,,,,,,
261533,,,,,,,,
223946,,,,,,,,
261297,,,,,,,,
258543,,,,,,,,
174586,,,,,,,,
244307,,,,,,,,
245244,,,,,,,,
261280,,,,,,,,
254136,,,,,,,,
250224,,,,,,,,
259984,,,,,,,,
249671,,,,,,,,
259901,,,,,,,,
250489,,,,,,,,
250220,,,,,,,,
256846,,,,,,,,
207744,,,,,,,,
250058,,,,,,,,
258588,,,,,,,,
246178,,,,,,,,
254869,,,,,,,,
239644,,,,,,,,
260908,,,,,,,,
258292,,,,,,,,
254962,,,,,,,,
240250,,,,,,,,
198840,,,,,,,,
261416,,,,,,,,
240744,,,,,,,,
99737,,,,,,,,
254255,,,,,,,,
221486,,,,,,,,
154537,,,,,,,,
257834,,,,,,,,
258510,,,,,,,,
260629,,,,,,,,
241128,,,,,,,,
250891,,,,,,,,
259981,,,,,,,,
257955,,,,,,,,
248963,,,,,,,,
124859,,,,,,,,
244545,,,,,,,,
256237,,,,,,,,
199637,,,,,,,,
239305,,,,,,,,
130049,,,,,,,,
211688,,,,,,,,
257704,,,,,,,,
248149,,,,,,,,
257108,,,,,,,,
254736,,,,,,,,
252584,,,,,,,,
260524,,,,,,,,
256864,,,,,,,,
202553,,,,,,,,
252420,,,,,,,,
244370,,,,,,,,
253154,,,,,,,,
146496,,,,,,,,
254747,,,,,,,,
249652,,,,,,,,
255036,,,,,,,,
85810,,,,,,,,
257633,,,,,,,,
239746,,,,,,,,
231392,,,,,,,,
261341,,,,,,,,
137173,,,,,,,,
257853,,,,,,,,
254741,,,,,,,,
253468,,,,,,,,
247870,,,,,,,,
255970,,,,,,,,
256602,,,,,,,,
259322,,,,,,,,
261251,,,,,,,,
260646,,,,,,,,
246569,,,,,,,,
167495,,,,,,,,
245407,,,,,,,,
251692,,,,,,,,
223236,,,,,,,,
234764,,,,,,,,
253317,,,,,,,,
142760,,,,,,,,
197662,,,,,,,,
208417,,,,,,,,
177989,,,,,,,,
255592,,,,,,,,
245155,,,,,,,,
241731,,,,,,,,
255704,,,,,,,,
239094,,,,,,,,
202867,,,,,,,,
238502,,,,,,,,
170201,,,,,,,,
250385,,,,,,,,
170572,,,,,,,,
245040,,,,,,,,
241418,,,,,,,,
260989,,,,,,,,
236481,,,,,,,,
251532,,,,,,,,
252693,,,,,,,,
247294,,,,,,,,
257396,,,,,,,,
185990,,,,,,,,
193927,,,,,,,,
246681,,,,,,,,
250141,,,,,,,,
237342,,,,,,,,
240352,,,,,,,,
160283,,,,,,,,
258569,,,,,,,,
183721,,,,,,,,
243688,,,,,,,,
169418,,,,,,,,
243141,,,,,,,,
245604,,,,,,,,
147683,,,,,,,,
247313,,,,,,,,
147525,,,,,,,,
251342,,,,,,,,
242300,,,,,,,,
223202,,,,,,,,
199108,,,,,,,,
245941,,,,,,,,
254708,,,,,,,,
253979,,,,,,,,
253944,,,,,,,,
228964,,,,,,,,
233949,,,,,,,,
255506,,,,,,,,
255004,,,,,,,,
259382,,,,,,,,
221483,,,,,,,,
228118,,,,,,,,
238965,,,,,,,,
248794,,,,,,,,
255835,,,,,,,,
253424,,,,,,,,
257328,,,,,,,,
249425,,,,,,,,
255375,,,,,,,,
214200,,,,,,,,
157174,,,,,,,,
258376,,,,,,,,
257721,,,,,,,,
240589,,,,,,,,
255927,,,,,,,,
65802,,,,,,,,
180914,,,,,,,,
259619,,,,,,,,
261558,,,,,,,,
254723,,,,,,,,
186387,,,,,,,,
257357,,,,,,,,
247877,,,,,,,,
257379,,,,,,,,
226137,,,,,,,,
260790,,,,,,,,
219497,,,,,,,,
230750,,,,,,,,
229461,,,,,,,,
233701,,,,,,,,
246183,,,,,,,,
220244,,,,,,,,
253831,,,,,,,,
97403,,,,,,,,
189781,,,,,,,,
159269,,,,,,,,
256180,,,,,,,,
177620,,,,,,,,
247655,,,,,,,,
180448,,,,,,,,
253316,,,,,,,,
256989,,,,,,,,
138074,,,,,,,,
256906,,,,,,,,
225804,,,,,,,,
252353,,,,,,,,
241189,,,,,,,,
124999,,,,,,,,
260193,,,,,,,,
259660,,,,,,,,
257109,,,,,,,,
245179,,,,,,,,
250214,,,,,,,,
238981,,,,,,,,
237142,,,,,,,,
195492,,,,,,,,
260217,,,,,,,,
241625,,,,,,,,
174784,,,,,,,,
259213,,,,,,,,
253935,,,,,,,,
250850,,,,,,,,
255411,,,,,,,,
245285,,,,,,,,
257836,,,,,,,,
255533,,,,,,,,
260320,,,,,,,,
117898,,,,,,,,
250004,,,,,,,,
57878,,,,,,,,
233045,,,,,,,,
249508,,,,,,,,
257219,,,,,,,,
253324,,,,,,,,
241356,,,,,,,,
251552,,,,,,,,
255417,,,,,,,,
255291,,,,,,,,
220136,,,,,,,,
247536,,,,,,,,
247462,,,,,,,,
253985,,,,,,,,
255050,,,,,,,,
238627,,,,,,,,
93806,,,,,,,,
259895,,,,,,,,
252598,,,,,,,,
244076,,,,,,,,
246128,,,,,,,,
238693,,,,,,,,
253435,,,,,,,,
251821,,,,,,,,
224241,,,,,,,,
122404,,,,,,,,
204610,,,,,,,,
260063,,,,,,,,
203288,,,,,,,,
256675,,,,,,,,
248495,,,,,,,,
208423,,,,,,,,
250356,,,,,,,,
134824,,,,,,,,
232889,,,,,,,,
199235,,,,,,,,
256069,,,,,,,,
252770,,,,,,,,
250075,,,,,,,,
255359,,,,,,,,
245672,,,,,,,,
241420,,,,,,,,
255413,,,,,,,,
258156,,,,,,,,
251484,,,,,,,,
221193,,,,,,,,
244122,,,,,,,,
239172,,,,,,,,
251164,,,,,,,,
28766,,,,,,,,
254231,,,,,,,,
243529,,,,,,,,
236606,,,,,,,,
259787,,,,,,,,
239419,,,,,,,,
238217,,,,,,,,
236361,,,,,,,,
257576,,,,,,,,
260649,,,,,,,,
144421,,,,,,,,
179909,,,,,,,,
117659,,,,,,,,
204659,,,,,,,,
247657,,,,,,,,
261340,,,,,,,,
249276,,,,,,,,
231163,,,,,,,,
233494,,,,,,,,
202870,,,,,,,,
247916,,,,,,,,
245798,,,,,,,,
244681,,,,,,,,
202627,,,,,,,,
246833,,,,,,,,
182125,,,,,,,,
191938,,,,,,,,
198728,,,,,,,,
131289,,,,,,,,
244308,,,,,,,,
250095,,,,,,,,
247963,,,,,,,,
243030,,,,,,,,
236544,,,,,,,,
251268,,,,,,,,
188007,,,,,,,,
243987,,,,,,,,
244753,,,,,,,,
220368,,,,,,,,
238761,,,,,,,,
247241,,,,,,,,
180609,,,,,,,,
241860,,,,,,,,
237768,,,,,,,,
245471,,,,,,,,
252637,,,,,,,,
250911,,,,,,,,
81834,,,,,,,,
247032,,,,,,,,
233002,,,,,,,,
261523,,,,,,,,
261488,,,,,,,,
253873,,,,,,,,
212154,,,,,,,,
250875,,,,,,,,
258219,,,,,,,,
257115,,,,,,,,
250208,,,,,,,,
251240,,,,,,,,
260183,,,,,,,,
249595,,,,,,,,
260184,,,,,,,,
259638,,,,,,,,
256216,,,,,,,,
248956,,,,,,,,
261469,,,,,,,,
247291,,,,,,,,
228443,,,,,,,,
254468,,,,,,,,
258625,,,,,,,,
247329,,,,,,,,
148896,,,,,,,,
253576,,,,,,,,
241627,,,,,,,,
241168,,,,,,,,
244780,,,,,,,,
173444,,,,,,,,
231479,,,,,,,,
260114,,,,,,,,
75640,,,,,,,,
254460,,,,,,,,
246446,,,,,,,,
249816,,,,,,,,
218920,,,,,,,,
258159,,,,,,,,
253637,,,,,,,,
256660,,,,,,,,
186341,,,,,,,,
242312,,,,,,,,
210101,,,,,,,,
256910,,,,,,,,
256912,,,,,,,,
258627,,,,,,,,
261391,,,,,,,,
257628,,,,,,,,
247324,,,,,,,,
261382,,,,,,,,
239465,,,,,,,,
171626,,,,,,,,
216430,,,,,,,,
223521,,,,,,,,
242073,,,,,,,,
141069,,,,,,,,
247839,,,,,,,,
244104,,,,,,,,
254523,,,,,,,,
251478,,,,,,,,
259581,,,,,,,,
259461,,,,,,,,
162573,,,,,,,,
231438,,,,,,,,
245125,,,,,,,,
258892,,,,,,,,
225475,,,,,,,,
101936,,,,,,,,
190413,,,,,,,,
233707,,,,,,,,
257991,,,,,,,,
233270,,,,,,,,
247748,,,,,,,,
240788,,,,,,,,
258685,,,,,,,,
184268,,,,,,,,
259356,,,,,,,,
245979,,,,,,,,
253040,,,,,,,,
229473,,,,,,,,
246708,,,,,,,,
242183,,,,,,,,
231550,,,,,,,,
245492,,,,,,,,
252690,,,,,,,,
224892,,,,,,,,
221663,,,,,,,,
251109,,,,,,,,
259381,,,,,,,,
261582,,,,,,,,
243277,,,,,,,,
185024,,,,,,,,
245337,,,,,,,,
256010,,,,,,,,
237713,,,,,,,,
260572,,,,,,,,
255279,,,,,,,,
148349,,,,,,,,
99326,,,,,,,,
222878,,,,,,,,
237336,,,,,,,,
251031,,,,,,,,
229458,,,,,,,,
253897,,,,,,,,
53409,,,,,,,,
223217,,,,,,,,
256283,,,,,,,,
261115,,,,,,,,
204376,,,,,,,,
261418,,,,,,,,
253223,,,,,,,,
246519,,,,,,,,
249601,,,,,,,,
245174,,,,,,,,
234746,,,,,,,,
216862,,,,,,,,
246176,,,,,,,,
250002,,,,,,,,
118655,,,,,,,,
258572,,,,,,,,
239162,,,,,,,,
239520,,,,,,,,
250003,,,,,,,,
239786,,,,,,,,
256837,,,,,,,,
245812,,,,,,,,
198337,,,,,,,,
256914,,,,,,,,
256976,,,,,,,,
210205,,,,,,,,
231954,,,,,,,,
229342,,,,,,,,
232718,,,,,,,,
193931,,,,,,,,
253535,,,,,,,,
241785,,,,,,,,
254838,,,,,,,,
239068,,,,,,,,
230608,,,,,,,,
259951,,,,,,,,
242721,,,,,,,,
252699,,,,,,,,
199736,,,,,,,,
218921,,,,,,,,
235318,,,,,,,,
242835,,,,,,,,
244578,,,,,,,,
201444,,,,,,,,
154140,,,,,,,,
245488,,,,,,,,
243738,,,,,,,,
245119,,,,,,,,
244850,,,,,,,,
161537,,,,,,,,
222128,,,,,,,,
237206,,,,,,,,
249522,,,,,,,,
240494,,,,,,,,
96594,,,,,,,,
227499,,,,,,,,
205353,,,,,,,,
245809,,,,,,,,
254715,,,,,,,,
239104,,,,,,,,
251190,,,,,,,,
238317,,,,,,,,
188124,,,,,,,,
258957,,,,,,,,
260265,,,,,,,,
238631,,,,,,,,
240871,,,,,,,,
206658,,,,,,,,
197729,,,,,,,,
233422,,,,,,,,
149394,,,,,,,,
253986,,,,,,,,
193794,,,,,,,,
219463,,,,,,,,
126393,,,,,,,,
257623,,,,,,,,
243806,,,,,,,,
249902,,,,,,,,
163297,,,,,,,,
240888,,,,,,,,
256658,,,,,,,,
239418,,,,,,,,
203547,,,,,,,,
254273,,,,,,,,
143273,,,,,,,,
250847,,,,,,,,
239120,,,,,,,,
255462,,,,,,,,
261596,,,,,,,,
246539,,,,,,,,
254336,,,,,,,,
194516,,,,,,,,
255207,,,,,,,,
260788,,,,,,,,
199680,,,,,,,,
185164,,,,,,,,
251989,,,,,,,,
251644,,,,,,,,
259370,,,,,,,,
241600,,,,,,,,
240343,,,,,,,,
250230,,,,,,,,
242340,,,,,,,,
99927,,,,,,,,
253326,,,,,,,,
253929,,,,,,,,
242360,,,,,,,,
238730,,,,,,,,
258334,,,,,,,,
111763,,,,,,,,
195643,,,,,,,,
237780,,,,,,,,
129718,,,,,,,,
180333,,,,,,,,
118630,,,,,,,,
185686,,,,,,,,
252180,,,,,,,,
251160,,,,,,,,
249889,,,,,,,,
247909,,,,,,,,
205184,,,,,,,,
255670,,,,,,,,
105496,,,,,,,,
238206,,,,,,,,
235813,,,,,,,,
244936,,,,,,,,
239728,,,,,,,,
251261,,,,,,,,
158799,,,,,,,,
239422,,,,,,,,
206789,,,,,,,,
236452,,,,,,,,
247249,,,,,,,,
214457,,,,,,,,
239663,,,,,,,,
227528,,,,,,,,
254967,,,,,,,,
148482,,,,,,,,
250365,,,,,,,,
152966,,,,,,,,
227611,,,,,,,,
259582,,,,,,,,
250232,,,,,,,,
239461,,,,,,,,
201946,,,,,,,,
242937,,,,,,,,
254744,,,,,,,,
238211,,,,,,,,
245456,,,,,,,,
229283,,,,,,,,
230097,,,,,,,,
246228,,,,,,,,
254840,,,,,,,,
236425,,,,,,,,
247391,,,,,,,,
252544,,,,,,,,
235573,,,,,,,,
245763,,,,,,,,
258515,,,,,,,,
233263,,,,,,,,
239513,,,,,,,,
251494,,,,,,,,
209640,,,,,,,,
249841,,,,,,,,
150909,,,,,,,,
231377,,,,,,,,
239460,,,,,,,,
242940,,,,,,,,
165313,,,,,,,,
210107,,,,,,,,
242604,,,,,,,,
216434,,,,,,,,
244072,,,,,,,,
256016,,,,,,,,
240305,,,,,,,,
175739,,,,,,,,
236622,,,,,,,,
239463,,,,,,,,
208267,,,,,,,,
104029,,,,,,,,
237897,,,,,,,,
241248,,,,,,,,
237589,,,,,,,,
236095,,,,,,,,
239930,,,,,,,,
229838,,,,,,,,
237344,,,,,,,,
248414,,,,,,,,
40159,,,,,,,,
257172,,,,,,,,
79517,,,,,,,,
229740,,,,,,,,
251522,,,,,,,,
234118,,,,,,,,
228933,,,,,,,,
171613,,,,,,,,
235568,,,,,,,,
236500,,,,,,,,
244311,,,,,,,,
182341,,,,,,,,
159744,,,,,,,,
240933,,,,,,,,
235270,,,,,,,,
208068,,,,,,,,
150807,,,,,,,,
244000,,,,,,,,
202446,,,,,,,,
228890,,,,,,,,
240492,,,,,,,,
255289,,,,,,,,
234313,,,,,,,,
247196,,,,,,,,
233547,,,,,,,,
236601,,,,,,,,
238403,,,,,,,,
211508,,,,,,,,
257689,,,,,,,,
233148,,,,,,,,
236790,,,,,,,,
236393,,,,,,,,
234412,,,,,,,,
232077,,,,,,,,
208256,,,,,,,,
167146,,,,,,,,
233497,,,,,,,,
236451,,,,,,,,
233632,,,,,,,,
237795,,,,,,,,
239006,,,,,,,,
235139,,,,,,,,
237845,,,,,,,,
165536,,,,,,,,
202698,,,,,,,,
205372,,,,,,,,
225694,,,,,,,,
146262,,,,,,,,
233588,,,,,,,,
219022,,,,,,,,
257605,,,,,,,,
142761,,,,,,,,
233101,,,,,,,,
204888,,,,,,,,
229818,,,,,,,,
182859,,,,,,,,
230306,,,,,,,,
234035,,,,,,,,
211764,,,,,,,,
232666,,,,,,,,
227509,,,,,,,,
232864,,,,,,,,
215462,,,,,,,,
261886,,,,,,,,
231593,,,,,,,,
261863,,,,,,,,
154279,,,,,,,,
75899,,,,,,,,
261882,,,,,,,,
154280,,,,,,,,
261885,,,,,,,,
232980,,,,,,,,
261879,,,,,,,,
261862,,,,,,,,
239197,,,,,,,,
261847,,,,,,,,
261846,,,,,,,,
261830,,,,,,,,
261839,,,,,,,,
261853,,,,,,,,
239199,,,,,,,,
261852,,,,,,,,
261823,,,,,,,,
261797,,,,,,,,
261658,,,,,,,,
261827,,,,,,,,
261663,,,,,,,,
261811,,,,,,,,
207703,,,,,,,,
261782,,,,,,,,
261791,,,,,,,,
261765,,,,,,,,
261774,,,,,,,,
261780,,,,,,,,
207205,,,,,,,,
261749,,,,,,,,
261746,,,,,,,,
261717,,,,,,,,
261748,,,,,,,,
261733,,,,,,,,
261704,,,,,,,,
261683,,,,,,,,
261694,,,,,,,,
261671,,,,,,,,
261696,,,,,,,,
261660,,,,,,,,
151126,,,,,,,,
261641,,,,,,,,
261685,,,,,,,,
261681,,,,,,,,
261703,,,,,,,,
261706,,,,,,,,
261616,,,,,,,,
261666,,,,,,,,
261654,,,,,,,,
261653,,,,,,,,
261655,,,,,,,,
261630,,,,,,,,
261643,,,,,,,,
261644,,,,,,,,
261628,,,,,,,,
261550,,,,,,,,
261575,,,,,,,,
261551,,,,,,,,
261542,,,,,,,,
261632,,,,,,,,
261537,,,,,,,,
261545,,,,,,,,
261536,,,,,,,,
261501,,,,,,,,
261502,,,,,,,,
261458,,,,,,,,
261503,,,,,,,,
261487,,,,,,,,
261491,,,,,,,,
261484,,,,,,,,
261447,,,,,,,,
261477,,,,,,,,
259913,,,,,,,,
259172,,,,,,,,
261479,,,,,,,,
261343,,,,,,,,
261357,,,,,,,,
261384,,,,,,,,
261230,,,,,,,,
152952,,,,,,,,
259896,,,,,,,,
261030,,,,,,,,
261170,,,,,,,,
261034,,,,,,,,
261093,,,,,,,,
260999,,,,,,,,
260795,,,,,,,,
260794,,,,,,,,
261092,,,,,,,,
90419,,,,,,,,
260656,,,,,,,,
260998,,,,,,,,
260263,,,,,,,,
260161,,,,,,,,
260160,,,,,,,,
260162,,,,,,,,
260163,,,,,,,,
260158,,,,,,,,
260164,,,,,,,,
260155,,,,,,,,
260159,,,,,,,,
259903,,,,,,,,
259898,,,,,,,,
259900,,,,,,,,
259889,,,,,,,,
257957,,,,,,,,
259872,,,,,,,,
260038,,,,,,,,
259902,,,,,,,,
253066,,,,,,,,
259545,,,,,,,,
257668,,,,,,,,
233382,,,,,,,,
259470,,,,,,,,
258847,,,,,,,,
258945,,,,,,,,
259372,,,,,,,,
229472,,,,,,,,
258684,,,,,,,,
258944,,,,,,,,
259377,,,,,,,,
256917,,,,,,,,
258894,,,,,,,,
257692,,,,,,,,
198317,,,,,,,,
256919,,,,,,,,
256908,,,,,,,,
241765,,,,,,,,
258095,,,,,,,,
257675,,,,,,,,
246272,,,,,,,,
257646,,,,,,,,
257680,,,,,,,,
257654,,,,,,,,
257686,,,,,,,,
257664,,,,,,,,
248001,,,,,,,,
257606,,,,,,,,
257603,,,,,,,,
246858,,,,,,,,
257601,,,,,,,,
255033,,,,,,,,
254597,,,,,,,,
197658,,,,,,,,
152959,,,,,,,,
190756,,,,,,,,
224486,,,,,,,,
255213,,,,,,,,
222120,,,,,,,,
149070,,,,,,,,
255122,,,,,,,,
255022,,,,,,,,
261380,,,,,,,,
254458,,,,,,,,
222067,,,,,,,,
254763,,,,,,,,
254428,,,,,,,,
261278,,,,,,,,
254014,,,,,,,,
254018,,,,,,,,
254431,,,,,,,,
254017,,,,,,,,
254681,,,,,,,,
91552,,,,,,,,
254015,,,,,,,,
252757,,,,,,,,
99367,,,,,,,,
252561,,,,,,,,
187689,,,,,,,,
241758,,,,,,,,
99370,,,,,,,,
252562,,,,,,,,
251513,,,,,,,,
251987,,,,,,,,
251536,,,,,,,,
250897,,,,,,,,
232172,,,,,,,,
251551,,,,,,,,
251560,,,,,,,,
252105,,,,,,,,
241761,,,,,,,,
168788,,,,,,,,
250196,,,,,,,,
142681,,,,,,,,
247425,,,,,,,,
250084,,,,,,,,
250087,,,,,,,,
250091,,,,,,,,
249934,,,,,,,,
250093,,,,,,,,
249891,,,,,,,,
250056,,,,,,,,
245636,,,,,,,,
248977,,,,,,,,
241760,,,,,,,,
241755,,,,,,,,
246838,,,,,,,,
247411,,,,,,,,
247448,,,,,,,,
256921,,,,,,,,
248340,,,,,,,,
245375,,,,,,,,
246118,,,,,,,,
257200,,,,,,,,
247451,,,,,,,,
231190,,,,,,,,
247237,,,,,,,,
216503,,,,,,,,
245342,,,,,,,,
188391,,,,,,,,
245289,,,,,,,,
245288,,,,,,,,
244528,,,,,,,,
245132,,,,,,,,
239421,,,,,,,,
235616,,,,,,,,
156626,,,,,,,,
240875,,,,,,,,
216443,,,,,,,,
245322,,,,,,,,
240867,,,,,,,,
240852,,,,,,,,
237214,,,,,,,,
243508,,,,,,,,
239467,,,,,,,,
240839,,,,,,,,
240865,,,,,,,,
216850,,,,,,,,
236756,,,,,,,,
226821,,,,,,,,
226822,,,,,,,,
238307,,,,,,,,
222915,,,,,,,,
239171,,,,,,,,
235572,,,,,,,,
234397,,,,,,,,
167148,,,,,,,,
222126,,,,,,,,
140908,,,,,,,,
222408,,,,,,,,
196090,,,,,,,,
208065,,,,,,,,
221495,,,,,,,,
220027,,,,,,,,
227780,,,,,,,,
231360,,,,,,,,
229071,,,,,,,,
227782,,,,,,,,
228727,,,,,,,,
227779,,,,,,,,
216427,,,,,,,,
219518,,,,,,,,
222682,,,,,,,,
219604,,,,,,,,
226187,,,,,,,,
227774,,,,,,,,
227778,,,,,,,,
224271,,,,,,,,
227775,,,,,,,,
226836,,,,,,,,
200656,,,,,,,,
217208,,,,,,,,
213063,,,,,,,,
166683,,,,,,,,
227772,,,,,,,,
205982,,,,,,,,
221508,,,,,,,,
196838,,,,,,,,
166685,,,,,,,,
155415,,,,,,,,
193161,,,,,,,,
196835,,,,,,,,
186510,,,,,,,,
206707,,,,,,,,
189718,,,,,,,,
185987,,,,,,,,
147444,,,,,,,,
221516,,,,,,,,
174382,,,,,,,,
175476,,,,,,,,
189707,,,,,,,,
155069,,,,,,,,
185461,,,,,,,,
160656,,,,,,,,
103801,,,,,,,,
124026,,,,,,,,
106787,,,,,,,,
155422,,,,,,,,
154424,,,,,,,,
166136,,,,,,,,
87790,,,,,,,,
207842,,,,,,,,
230508,,,,,,,,
76159,,,,,,,,
223000,,,,,,,,
146263,,,,,,,,
222999,,,,,,,,
46155,,,,,,,,
231420,,,,,,,,
223001,,,,,,,,
231169,,,,,,,,
226388,,,,,,,,
222670,,,,,,,,
221642,,,,,,,,
230874,,,,,,,,
205461,,,,,,,,
214728,,,,,,,,
174977,,,,,,,,
230401,,,,,,,,
213313,,,,,,,,
229214,,,,,,,,
229245,,,,,,,,
229664,,,,,,,,
171975,,,,,,,,
196506,,,,,,,,
225434,,,,,,,,
231102,,,,,,,,
214874,,,,,,,,
183314,,,,,,,,
178580,,,,,,,,
190373,,,,,,,,
221540,,,,,,,,
210157,,,,,,,,
199953,,,,,,,,
166692,,,,,,,,
224316,,,,,,,,
58355,,,,,,,,
226411,,,,,,,,
228932,,,,,,,,
227931,,,,,,,,
205317,,,,,,,,
189803,,,,,,,,
135137,,,,,,,,
226037,,,,,,,,
178743,,,,,,,,
138512,,,,,,,,
216068,,,,,,,,
214034,,,,,,,,
19099,,,,,,,,
154307,,,,,,,,
178456,,,,,,,,
223557,,,,,,,,
154911,,,,,,,,
224782,,,,,,,,
224770,,,,,,,,
207714,,,,,,,,
100405,,,,,,,,
224987,,,,,,,,
154546,,,,,,,,
169422,,,,,,,,
222974,,,,,,,,
147773,,,,,,,,
223136,,,,,,,,
147486,,,,,,,,
226308,,,,,,,,
223381,,,,,,,,
216073,,,,,,,,
216868,,,,,,,,
108741,,,,,,,,
216863,,,,,,,,
216485,,,,,,,,
100407,,,,,,,,
195494,,,,,,,,
109016,,,,,,,,
212559,,,,,,,,
221922,,,,,,,,
138136,,,,,,,,
224556,,,,,,,,
224396,,,,,,,,
117928,,,,,,,,
128700,,,,,,,,
219655,,,,,,,,
166679,,,,,,,,
202639,,,,,,,,
157380,,,,,,,,
210786,,,,,,,,
171446,,,,,,,,
219877,,,,,,,,
223855,,,,,,,,
147487,,,,,,,,
168560,,,,,,,,
140394,,,,,,,,
210253,,,,,,,,
78417,,,,,,,,
162077,,,,,,,,
195493,,,,,,,,
190232,,,,,,,,
169421,,,,,,,,
225473,,,,,,,,
214943,,,,,,,,
28199,,,,,,,,
157834,,,,,,,,
171525,,,,,,,,
156291,,,,,,,,
216081,,,,,,,,
224005,,,,,,,,
92529,,,,,,,,
219415,,,,,,,,
218045,,,,,,,,
186671,,,,,,,,
4800,,,,,,,,
109332,,,,,,,,
169420,,,,,,,,
127187,,,,,,,,
211574,,,,,,,,
113092,,,,,,,,
215084,,,,,,,,
147481,,,,,,,,
127019,,,,,,,,
161240,,,,,,,,
213387,,,,,,,,
197533,,,,,,,,
175288,,,,,,,,
213545,,,,,,,,
224170,,,,,,,,
172533,,,,,,,,
202700,,,,,,,,
133846,,,,,,,,
215492,,,,,,,,
108146,,,,,,,,
103856,,,,,,,,
221103,,,,,,,,
80761,,,,,,,,
218232,,,,,,,,
169534,,,,,,,,
215647,,,,,,,,
46260,,,,,,,,
181468,,,,,,,,
156373,,,,,,,,
202699,,,,,,,,
177214,,,,,,,,
211567,,,,,,,,
99189,,,,,,,,
161257,,,,,,,,
166782,,,,,,,,
84863,,,,,,,,
206903,,,,,,,,
199084,,,,,,,,
118729,,,,,,,,
154545,,,,,,,,
215946,,,,,,,,
179315,,,,,,,,
214859,,,,,,,,
169105,,,,,,,,
209122,,,,,,,,
189185,,,,,,,,
190116,,,,,,,,
178888,,,,,,,,
219919,,,,,,,,
208087,,,,,,,,
214482,,,,,,,,
161238,,,,,,,,
216867,,,,,,,,
205087,,,,,,,,
181469,,,,,,,,
217503,,,,,,,,
209958,,,,,,,,
202636,,,,,,,,
194016,,,,,,,,
211913,,,,,,,,
169412,,,,,,,,
121854,,,,,,,,
181477,,,,,,,,
188763,,,,,,,,
194010,,,,,,,,
119069,,,,,,,,
160912,,,,,,,,
185729,,,,,,,,
155464,,,,,,,,
189268,,,,,,,,
189713,,,,,,,,
144964,,,,,,,,
80732,,,,,,,,
202660,,,,,,,,
200553,,,,,,,,
143198,,,,,,,,
165125,,,,,,,,
187397,,,,,,,,
173681,,,,,,,,
189274,,,,,,,,
6322,,,,,,,,
173506,,,,,,,,
139214,,,,,,,,
173891,,,,,,,,
180096,,,,,,,,
140981,,,,,,,,
120798,,,,,,,,
182774,,,,,,,,
73517,,,,,,,,
135832,,,,,,,,
113094,,,,,,,,
129559,,,,,,,,
113536,,,,,,,,
195179,,,,,,,,
155133,,,,,,,,
123385,,,,,,,,
195208,,,,,,,,
115203,,,,,,,,
173918,,,,,,,,
174984,,,,,,,,
123383,,,,,,,,
106065,,,,,,,,
52763,,,,,,,,
123952,,,,,,,,
129558,,,,,,,,
108453,,,,,,,,
175541,,,,,,,,
140132,,,,,,,,
115205,,,,,,,,
118825,,,,,,,,
260616,,,,,,,,
111741,,,,,,,,
256497,,,,,,,,
259468,,,,,,,,
260529,,,,,,,,
254689,,,,,,,,
256406,,,,,,,,
260958,,,,,,,,
259152,,,,,,,,
260809,,,,,,,,
153811,,,,,,,,
254678,,,,,,,,
258400,,,,,,,,
255234,,,,,,,,
251383,,,,,,,,
259018,,,,,,,,
259430,,,,,,,,
260826,,,,,,,,
235673,,,,,,,,
167464,,,,,,,,
252117,,,,,,,,
258917,,,,,,,,
247593,,,,,,,,
257255,,,,,,,,
251045,,,,,,,,
231870,,,,,,,,
259022,,,,,,,,
255361,,,,,,,,
259159,,,,,,,,
256172,,,,,,,,
208566,,,,,,,,
258953,,,,,,,,
259570,,,,,,,,
260307,,,,,,,,
238235,,,,,,,,
260234,,,,,,,,
251674,,,,,,,,
260910,,,,,,,,
249142,,,,,,,,
255784,,,,,,,,
258763,,,,,,,,
234462,,,,,,,,
115547,,,,,,,,
258373,,,,,,,,
61557,,,,,,,,
256177,,,,,,,,
258521,,,,,,,,
257253,,,,,,,,
257994,,,,,,,,
256100,,,,,,,,
257130,,,,,,,,
253574,,,,,,,,
255304,,,,,,,,
159400,,,,,,,,
258950,,,,,,,,
252800,,,,,,,,
120477,,,,,,,,
118906,,,,,,,,
259246,,,,,,,,
232610,,,,,,,,
247925,,,,,,,,
256317,,,,,,,,
255934,,,,,,,,
118971,,,,,,,,
256595,,,,,,,,
255305,,,,,,,,
98514,,,,,,,,
260180,,,,,,,,
260704,,,,,,,,
253381,,,,,,,,
259991,,,,,,,,
259139,,,,,,,,
259435,,,,,,,,
261283,,,,,,,,
259136,,,,,,,,
258947,,,,,,,,
256979,,,,,,,,
260281,,,,,,,,
243843,,,,,,,,
253137,,,,,,,,
252735,,,,,,,,
258852,,,,,,,,
254211,,,,,,,,
255255,,,,,,,,
257539,,,,,,,,
260626,,,,,,,,
256404,,,,,,,,
237011,,,,,,,,
252805,,,,,,,,
260964,,,,,,,,
213440,,,,,,,,
256151,,,,,,,,
236578,,,,,,,,
260495,,,,,,,,
260460,,,,,,,,
259399,,,,,,,,
240514,,,,,,,,
259008,,,,,,,,
255186,,,,,,,,
257095,,,,,,,,
257537,,,,,,,,
260399,,,,,,,,
95481,,,,,,,,
259537,,,,,,,,
259301,,,,,,,,
203052,,,,,,,,
258280,,,,,,,,
247652,,,,,,,,
231707,,,,,,,,
243992,,,,,,,,
216514,,,,,,,,
256623,,,,,,,,
253109,,,,,,,,
259939,,,,,,,,
260951,,,,,,,,
244909,,,,,,,,
251259,,,,,,,,
254177,,,,,,,,
261038,,,,,,,,
255662,,,,,,,,
257729,,,,,,,,
240895,,,,,,,,
234830,,,,,,,,
240963,,,,,,,,
252956,,,,,,,,
251786,,,,,,,,
255916,,,,,,,,
223215,,,,,,,,
126949,,,,,,,,
250353,,,,,,,,
252312,,,,,,,,
252394,,,,,,,,
261067,,,,,,,,
244770,,,,,,,,
243354,,,,,,,,
92592,,,,,,,,
259157,,,,,,,,
259323,,,,,,,,
241717,,,,,,,,
165762,,,,,,,,
258464,,,,,,,,
246644,,,,,,,,
255883,,,,,,,,
259019,,,,,,,,
259254,,,,,,,,
260182,,,,,,,,
232735,,,,,,,,
259925,,,,,,,,
236489,,,,,,,,
254430,,,,,,,,
259252,,,,,,,,
165182,,,,,,,,
256422,,,,,,,,
75911,,,,,,,,
259087,,,,,,,,
239334,,,,,,,,
251255,,,,,,,,
244932,,,,,,,,
260564,,,,,,,,
257180,,,,,,,,
225169,,,,,,,,
253526,,,,,,,,
260928,,,,,,,,
255656,,,,,,,,
234915,,,,,,,,
81841,,,,,,,,
260435,,,,,,,,
217320,,,,,,,,
256259,,,,,,,,
255468,,,,,,,,
259261,,,,,,,,
254435,,,,,,,,
258393,,,,,,,,
257972,,,,,,,,
258388,,,,,,,,
257715,,,,,,,,
222089,,,,,,,,
260264,,,,,,,,
230484,,,,,,,,
164215,,,,,,,,
256687,,,,,,,,
234032,,,,,,,,
239276,,,,,,,,
256875,,,,,,,,
249123,,,,,,,,
232075,,,,,,,,
252414,,,,,,,,
258971,,,,,,,,
245705,,,,,,,,
252404,,,,,,,,
211925,,,,,,,,
258496,,,,,,,,
244778,,,,,,,,
250879,,,,,,,,
198858,,,,,,,,
259385,,,,,,,,
91665,,,,,,,,
261397,,,,,,,,
256483,,,,,,,,
257169,,,,,,,,
260703,,,,,,,,
243840,,,,,,,,
193258,,,,,,,,
257174,,,,,,,,
259057,,,,,,,,
258867,,,,,,,,
246338,,,,,,,,
258579,,,,,,,,
258871,,,,,,,,
126609,,,,,,,,
259391,,,,,,,,
259293,,,,,,,,
244873,,,,,,,,
244360,,,,,,,,
188531,,,,,,,,
237158,,,,,,,,
260609,,,,,,,,
139067,,,,,,,,
258233,,,,,,,,
152424,,,,,,,,
256145,,,,,,,,
249531,,,,,,,,
204312,,,,,,,,
254418,,,,,,,,
258698,,,,,,,,
237445,,,,,,,,
248953,,,,,,,,
255684,,,,,,,,
249102,,,,,,,,
258378,,,,,,,,
257910,,,,,,,,
258919,,,,,,,,
249587,,,,,,,,
253643,,,,,,,,
206165,,,,,,,,
260952,,,,,,,,
248867,,,,,,,,
240726,,,,,,,,
195592,,,,,,,,
245428,,,,,,,,
258365,,,,,,,,
244191,,,,,,,,
228743,,,,,,,,
30767,,,,,,,,
254137,,,,,,,,
45651,,,,,,,,
160413,,,,,,,,
256181,,,,,,,,
173289,,,,,,,,
243908,,,,,,,,
260884,,,,,,,,
206124,,,,,,,,
255045,,,,,,,,
254985,,,,,,,,
258542,,,,,,,,
258107,,,,,,,,
233146,,,,,,,,
243023,,,,,,,,
227959,,,,,,,,
204513,,,,,,,,
102917,,,,,,,,
260888,,,,,,,,
254695,,,,,,,,
252494,,,,,,,,
259431,,,,,,,,
198413,,,,,,,,
258351,,,,,,,,
204403,,,,,,,,
215761,,,,,,,,
228215,,,,,,,,
223208,,,,,,,,
255185,,,,,,,,
251780,,,,,,,,
255064,,,,,,,,
259001,,,,,,,,
259165,,,,,,,,
260946,,,,,,,,
242469,,,,,,,,
200354,,,,,,,,
203326,,,,,,,,
260451,,,,,,,,
245143,,,,,,,,
256223,,,,,,,,
225379,,,,,,,,
259410,,,,,,,,
83449,,,,,,,,
92596,,,,,,,,
258198,,,,,,,,
236450,,,,,,,,
166771,,,,,,,,
257773,,,,,,,,
255168,,,,,,,,
246920,,,,,,,,
230222,,,,,,,,
205591,,,,,,,,
257777,,,,,,,,
255043,,,,,,,,
260426,,,,,,,,
256964,,,,,,,,
213427,,,,,,,,
254178,,,,,,,,
260622,,,,,,,,
256490,,,,,,,,
257300,,,,,,,,
257759,,,,,,,,
256460,,,,,,,,
240216,,,,,,,,
228129,,,,,,,,
256981,,,,,,,,
258766,,,,,,,,
247966,,,,,,,,
258028,,,,,,,,
251846,,,,,,,,
259249,,,,,,,,
259692,,,,,,,,
245599,,,,,,,,
212763,,,,,,,,
260363,,,,,,,,
229077,,,,,,,,
250066,,,,,,,,
257167,,,,,,,,
257306,,,,,,,,
228746,,,,,,,,
243618,,,,,,,,
255061,,,,,,,,
256939,,,,,,,,
254654,,,,,,,,
254673,,,,,,,,
256792,,,,,,,,
210918,,,,,,,,
248883,,,,,,,,
258010,,,,,,,,
260142,,,,,,,,
192989,,,,,,,,
235731,,,,,,,,
230029,,,,,,,,
168348,,,,,,,,
257799,,,,,,,,
258208,,,,,,,,
247595,,,,,,,,
258909,,,,,,,,
259078,,,,,,,,
256698,,,,,,,,
257687,,,,,,,,
257807,,,,,,,,
259928,,,,,,,,
261225,,,,,,,,
159038,,,,,,,,
261365,,,,,,,,
238977,,,,,,,,
250878,,,,,,,,
259480,,,,,,,,
212764,,,,,,,,
252207,,,,,,,,
251024,,,,,,,,
257120,,,,,,,,
260933,,,,,,,,
257755,,,,,,,,
254649,,,,,,,,
255586,,,,,,,,
248222,,,,,,,,
250533,,,,,,,,
216290,,,,,,,,
149934,,,,,,,,
260088,,,,,,,,
199386,,,,,,,,
221647,,,,,,,,
251136,,,,,,,,
255184,,,,,,,,
257881,,,,,,,,
258137,,,,,,,,
245124,,,,,,,,
255047,,,,,,,,
255459,,,,,,,,
258170,,,,,,,,
259478,,,,,,,,
222550,,,,,,,,
201166,,,,,,,,
250047,,,,,,,,
257363,,,,,,,,
255060,,,,,,,,
255936,,,,,,,,
259000,,,,,,,,
247244,,,,,,,,
259467,,,,,,,,
259651,,,,,,,,
253434,,,,,,,,
259520,,,,,,,,
260427,,,,,,,,
218166,,,,,,,,
259432,,,,,,,,
258106,,,,,,,,
226155,,,,,,,,
251917,,,,,,,,
245118,,,,,,,,
259697,,,,,,,,
253536,,,,,,,,
218151,,,,,,,,
260804,,,,,,,,
252946,,,,,,,,
220952,,,,,,,,
171459,,,,,,,,
253926,,,,,,,,
233556,,,,,,,,
256529,,,,,,,,
257027,,,,,,,,
256234,,,,,,,,
255538,,,,,,,,
254099,,,,,,,,
233107,,,,,,,,
256287,,,,,,,,
248884,,,,,,,,
243549,,,,,,,,
195606,,,,,,,,
233087,,,,,,,,
257514,,,,,,,,
254859,,,,,,,,
216770,,,,,,,,
245340,,,,,,,,
253227,,,,,,,,
242039,,,,,,,,
253531,,,,,,,,
253422,,,,,,,,
260148,,,,,,,,
110601,,,,,,,,
260012,,,,,,,,
259864,,,,,,,,
51691,,,,,,,,
252897,,,,,,,,
259838,,,,,,,,
258813,,,,,,,,
239278,,,,,,,,
243156,,,,,,,,
125328,,,,,,,,
257132,,,,,,,,
229804,,,,,,,,
218165,,,,,,,,
260449,,,,,,,,
242425,,,,,,,,
187304,,,,,,,,
253369,,,,,,,,
240752,,,,,,,,
259457,,,,,,,,
200463,,,,,,,,
251610,,,,,,,,
256801,,,,,,,,
257523,,,,,,,,
216710,,,,,,,,
200133,,,,,,,,
258721,,,,,,,,
256804,,,,,,,,
253416,,,,,,,,
238006,,,,,,,,
260597,,,,,,,,
250384,,,,,,,,
261160,,,,,,,,
193602,,,,,,,,
246075,,,,,,,,
261136,,,,,,,,
243624,,,,,,,,
242362,,,,,,,,
245122,,,,,,,,
250297,,,,,,,,
232778,,,,,,,,
260109,,,,,,,,
259729,,,,,,,,
255314,,,,,,,,
256670,,,,,,,,
239116,,,,,,,,
259508,,,,,,,,
259916,,,,,,,,
229575,,,,,,,,
227146,,,,,,,,
231619,,,,,,,,
260190,,,,,,,,
260759,,,,,,,,
76099,,,,,,,,
178529,,,,,,,,
230944,,,,,,,,
257009,,,,,,,,
109188,,,,,,,,
254660,,,,,,,,
244779,,,,,,,,
227175,,,,,,,,
258682,,,,,,,,
216755,,,,,,,,
238483,,,,,,,,
254963,,,,,,,,
253476,,,,,,,,
259552,,,,,,,,
259572,,,,,,,,
205039,,,,,,,,
157560,,,,,,,,
85670,,,,,,,,
258544,,,,,,,,
258592,,,,,,,,
192671,,,,,,,,
231273,,,,,,,,
259151,,,,,,,,
249505,,,,,,,,
49164,,,,,,,,
258943,,,,,,,,
259229,,,,,,,,
135520,,,,,,,,
225983,,,,,,,,
256267,,,,,,,,
129222,,,,,,,,
258130,,,,,,,,
253777,,,,,,,,
255898,,,,,,,,
205316,,,,,,,,
256967,,,,,,,,
211339,,,,,,,,
259025,,,,,,,,
105491,,,,,,,,
256770,,,,,,,,
256789,,,,,,,,
244304,,,,,,,,
181466,,,,,,,,
255152,,,,,,,,
251415,,,,,,,,
162405,,,,,,,,
249574,,,,,,,,
245987,,,,,,,,
257417,,,,,,,,
258354,,,,,,,,
259244,,,,,,,,
240348,,,,,,,,
253314,,,,,,,,
242470,,,,,,,,
252769,,,,,,,,
252383,,,,,,,,
258577,,,,,,,,
219083,,,,,,,,
257075,,,,,,,,
258560,,,,,,,,
248907,,,,,,,,
244312,,,,,,,,
258562,,,,,,,,
260769,,,,,,,,
221640,,,,,,,,
156689,,,,,,,,
165836,,,,,,,,
241649,,,,,,,,
255757,,,,,,,,
250767,,,,,,,,
257589,,,,,,,,
259005,,,,,,,,
259416,,,,,,,,
104015,,,,,,,,
253356,,,,,,,,
223206,,,,,,,,
258011,,,,,,,,
259777,,,,,,,,
237693,,,,,,,,
236460,,,,,,,,
258451,,,,,,,,
253322,,,,,,,,
248036,,,,,,,,
165183,,,,,,,,
142217,,,,,,,,
245139,,,,,,,,
246286,,,,,,,,
260693,,,,,,,,
260487,,,,,,,,
258361,,,,,,,,
257825,,,,,,,,
249546,,,,,,,,
249411,,,,,,,,
257366,,,,,,,,
187311,,,,,,,,
167547,,,,,,,,
258759,,,,,,,,
256141,,,,,,,,
254847,,,,,,,,
212758,,,,,,,,
253612,,,,,,,,
239694,,,,,,,,
255952,,,,,,,,
258367,,,,,,,,
242610,,,,,,,,
118628,,,,,,,,
231478,,,,,,,,
124715,,,,,,,,
212003,,,,,,,,
258475,,,,,,,,
148547,,,,,,,,
237550,,,,,,,,
259893,,,,,,,,
248663,,,,,,,,
257227,,,,,,,,
258073,,,,,,,,
258494,,,,,,,,
244440,,,,,,,,
251764,,,,,,,,
260286,,,,,,,,
253458,,,,,,,,
246684,,,,,,,,
237546,,,,,,,,
260761,,,,,,,,
257697,,,,,,,,
194468,,,,,,,,
238093,,,,,,,,
251713,,,,,,,,
212656,,,,,,,,
260348,,,,,,,,
235953,,,,,,,,
235887,,,,,,,,
259476,,,,,,,,
250922,,,,,,,,
246427,,,,,,,,
254640,,,,,,,,
256117,,,,,,,,
260755,,,,,,,,
259483,,,,,,,,
89374,,,,,,,,
239886,,,,,,,,
256575,,,,,,,,
215580,,,,,,,,
145204,,,,,,,,
259905,,,,,,,,
259331,,,,,,,,
247152,,,,,,,,
255848,,,,,,,,
134575,,,,,,,,
253136,,,,,,,,
245510,,,,,,,,
243126,,,,,,,,
250480,,,,,,,,
258477,,,,,,,,
248170,,,,,,,,
188795,,,,,,,,
253419,,,,,,,,
256890,,,,,,,,
256114,,,,,,,,
255475,,,,,,,,
258142,,,,,,,,
253676,,,,,,,,
244296,,,,,,,,
243685,,,,,,,,
257087,,,,,,,,
244404,,,,,,,,
259105,,,,,,,,
247085,,,,,,,,
259730,,,,,,,,
261227,,,,,,,,
251670,,,,,,,,
253753,,,,,,,,
224963,,,,,,,,
255010,,,,,,,,
248573,,,,,,,,
229842,,,,,,,,
260423,,,,,,,,
249829,,,,,,,,
255820,,,,,,,,
245706,,,,,,,,
149958,,,,,,,,
254174,,,,,,,,
259127,,,,,,,,
247599,,,,,,,,
222939,,,,,,,,
250831,,,,,,,,
258381,,,,,,,,
243083,,,,,,,,
233910,,,,,,,,
221374,,,,,,,,
250154,,,,,,,,
209565,,,,,,,,
257214,,,,,,,,
255315,,,,,,,,
246194,,,,,,,,
258345,,,,,,,,
256958,,,,,,,,
256142,,,,,,,,
238021,,,,,,,,
231232,,,,,,,,
258141,,,,,,,,
252509,,,,,,,,
258891,,,,,,,,
259550,,,,,,,,
258196,,,,,,,,
257732,,,,,,,,
246735,,,,,,,,
258547,,,,,,,,
258728,,,,,,,,
257481,,,,,,,,
174369,,,,,,,,
259339,,,,,,,,
259463,,,,,,,,
256889,,,,,,,,
208424,,,,,,,,
236442,,,,,,,,
259268,,,,,,,,
250137,,,,,,,,
212852,,,,,,,,
259862,,,,,,,,
70772,,,,,,,,
255120,,,,,,,,
256925,,,,,,,,
153141,,,,,,,,
250548,,,,,,,,
230172,,,,,,,,
257795,,,,,,,,
249295,,,,,,,,
245677,,,,,,,,
120365,,,,,,,,
256992,,,,,,,,
256434,,,,,,,,
253624,,,,,,,,
236006,,,,,,,,
252452,,,,,,,,
203282,,,,,,,,
252413,,,,,,,,
228927,,,,,,,,
259401,,,,,,,,
261083,,,,,,,,
247264,,,,,,,,
59324,,,,,,,,
250573,,,,,,,,
247305,,,,,,,,
257205,,,,,,,,
193552,,,,,,,,
253463,,,,,,,,
246051,,,,,,,,
256345,,,,,,,,
201164,,,,,,,,
258023,,,,,,,,
255017,,,,,,,,
230448,,,,,,,,
259565,,,,,,,,
254584,,,,,,,,
244761,,,,,,,,
211687,,,,,,,,
258942,,,,,,,,
253400,,,,,,,,
254608,,,,,,,,
254769,,,,,,,,
245220,,,,,,,,
258760,,,,,,,,
207573,,,,,,,,
233609,,,,,,,,
249473,,,,,,,,
251752,,,,,,,,
257352,,,,,,,,
257275,,,,,,,,
259578,,,,,,,,
254249,,,,,,,,
212669,,,,,,,,
256226,,,,,,,,
256773,,,,,,,,
254770,,,,,,,,
244162,,,,,,,,
256201,,,,,,,,
254514,,,,,,,,
229418,,,,,,,,
248518,,,,,,,,
39934,,,,,,,,
256476,,,,,,,,
256745,,,,,,,,
258098,,,,,,,,
259062,,,,,,,,
260660,,,,,,,,
257562,,,,,,,,
256645,,,,,,,,
243761,,,,,,,,
257885,,,,,,,,
251051,,,,,,,,
255518,,,,,,,,
233546,,,,,,,,
119078,,,,,,,,
234466,,,,,,,,
257156,,,,,,,,
256355,,,,,,,,
256857,,,,,,,,
252506,,,,,,,,
257293,,,,,,,,
235356,,,,,,,,
247414,,,,,,,,
254772,,,,,,,,
256969,,,,,,,,
197717,,,,,,,,
246218,,,,,,,,
250094,,,,,,,,
257410,,,,,,,,
255827,,,,,,,,
252955,,,,,,,,
258647,,,,,,,,
231720,,,,,,,,
252591,,,,,,,,
254647,,,,,,,,
249770,,,,,,,,
252406,,,,,,,,
253396,,,,,,,,
248675,,,,,,,,
247417,,,,,,,,
167259,,,,,,,,
256995,,,,,,,,
257519,,,,,,,,
236664,,,,,,,,
228957,,,,,,,,
239915,,,,,,,,
257599,,,,,,,,
257184,,,,,,,,
252192,,,,,,,,
75323,,,,,,,,
259686,,,,,,,,
207345,,,,,,,,
247999,,,,,,,,
208770,,,,,,,,
258774,,,,,,,,
259193,,,,,,,,
211686,,,,,,,,
225903,,,,,,,,
251963,,,,,,,,
257808,,,,,,,,
255596,,,,,,,,
259551,,,,,,,,
238007,,,,,,,,
255024,,,,,,,,
210953,,,,,,,,
174088,,,,,,,,
257000,,,,,,,,
252703,,,,,,,,
199372,,,,,,,,
207870,,,,,,,,
188191,,,,,,,,
203740,,,,,,,,
114157,,,,,,,,
44773,,,,,,,,
258758,,,,,,,,
218617,,,,,,,,
168246,,,,,,,,
240123,,,,,,,,
184119,,,,,,,,
257507,,,,,,,,
246337,,,,,,,,
241921,,,,,,,,
236729,,,,,,,,
211828,,,,,,,,
216813,,,,,,,,
250043,,,,,,,,
257004,,,,,,,,
88904,,,,,,,,
254994,,,,,,,,
223783,,,,,,,,
256678,,,,,,,,
198065,,,,,,,,
78227,,,,,,,,
149981,,,,,,,,
245489,,,,,,,,
250399,,,,,,,,
250756,,,,,,,,
228065,,,,,,,,
109974,,,,,,,,
247010,,,,,,,,
228190,,,,,,,,
242171,,,,,,,,
138933,,,,,,,,
230929,,,,,,,,
254794,,,,,,,,
225955,,,,,,,,
195295,,,,,,,,
240999,,,,,,,,
258973,,,,,,,,
226473,,,,,,,,
107200,,,,,,,,
18295,,,,,,,,
166986,,,,,,,,
249733,,,,,,,,
248549,,,,,,,,
246626,,,,,,,,
204065,,,,,,,,
260774,,,,,,,,
251905,,,,,,,,
106479,,,,,,,,
245840,,,,,,,,
260101,,,,,,,,
244755,,,,,,,,
234326,,,,,,,,
256079,,,,,,,,
256677,,,,,,,,
247312,,,,,,,,
237481,,,,,,,,
256682,,,,,,,,
194430,,,,,,,,
256235,,,,,,,,
257621,,,,,,,,
225171,,,,,,,,
244458,,,,,,,,
258881,,,,,,,,
247935,,,,,,,,
248955,,,,,,,,
248695,,,,,,,,
250476,,,,,,,,
257595,,,,,,,,
240617,,,,,,,,
143505,,,,,,,,
207248,,,,,,,,
248910,,,,,,,,
201010,,,,,,,,
242110,,,,,,,,
168257,,,,,,,,
229639,,,,,,,,
138923,,,,,,,,
253470,,,,,,,,
255300,,,,,,,,
240353,,,,,,,,
242747,,,,,,,,
247201,,,,,,,,
219536,,,,,,,,
256340,,,,,,,,
29390,,,,,,,,
253016,,,,,,,,
160644,,,,,,,,
257569,,,,,,,,
256640,,,,,,,,
157552,,,,,,,,
246472,,,,,,,,
59323,,,,,,,,
251731,,,,,,,,
91556,,,,,,,,
218153,,,,,,,,
84708,,,,,,,,
201909,,,,,,,,
229004,,,,,,,,
248957,,,,,,,,
152417,,,,,,,,
18228,,,,,,,,
37535,,,,,,,,
189685,,,,,,,,
248551,,,,,,,,
143749,,,,,,,,
257099,,,,,,,,
59335,,,,,,,,
224130,,,,,,,,
247091,,,,,,,,
86060,,,,,,,,
237823,,,,,,,,
140278,,,,,,,,
246250,,,,,,,,
251888,,,,,,,,
233935,,,,,,,,
186596,,,,,,,,
84866,,,,,,,,
2447,,,,,,,,
222891,,,,,,,,
257570,,,,,,,,
239076,,,,,,,,
243558,,,,,,,,
205931,,,,,,,,
248770,,,,,,,,
241585,,,,,,,,
180338,,,,,,,,
245945,,,,,,,,
197028,,,,,,,,
245493,,,,,,,,
220132,,,,,,,,
236695,,,,,,,,
203912,,,,,,,,
74557,,,,,,,,
245469,,,,,,,,
240889,,,,,,,,
237046,,,,,,,,
141545,,,,,,,,
240355,,,,,,,,
216360,,,,,,,,
244885,,,,,,,,
240672,,,,,,,,
184902,,,,,,,,
239476,,,,,,,,
182930,,,,,,,,
239469,,,,,,,,
238025,,,,,,,,
239459,,,,,,,,
215160,,,,,,,,
210056,,,,,,,,
241231,,,,,,,,
23303,,,,,,,,
239475,,,,,,,,
222071,,,,,,,,
190531,,,,,,,,
82178,,,,,,,,
229079,,,,,,,,
234409,,,,,,,,
82181,,,,,,,,
233496,,,,,,,,
229162,,,,,,,,
235954,,,,,,,,
229817,,,,,,,,
209695,,,,,,,,
232035,,,,,,,,
233119,,,,,,,,
231537,,,,,,,,
126670,,,,,,,,
227517,,,,,,,,
234038,,,,,,,,
159691,,,,,,,,
222814,,,,,,,,
231640,,,,,,,,
231349,,,,,,,,
46154,,,,,,,,
231904,,,,,,,,
230160,,,,,,,,
179927,,,,,,,,
110433,,,,,,,,
229111,,,,,,,,
228017,,,,,,,,
214338,,,,,,,,
196059,,,,,,,,
184338,,,,,,,,
96291,,,,,,,,
225950,,,,,,,,
42933,,,,,,,,
195760,,,,,,,,
211516,,,,,,,,
45003,,,,,,,,
220823,,,,,,,,
218462,,,,,,,,
218461,,,,,,,,
213763,,,,,,,,
144972,,,,,,,,
189187,,,,,,,,
165271,,,,,,,,
158199,,,,,,,,
225696,,,,,,,,
120650,,,,,,,,
182714,,,,,,,,
89329,,,,,,,,
116149,,,,,,,,
17243,,,,,,,,
34186,,,,,,,,
178246,,,,,,,,
107044,,,,,,,,
225687,,,,,,,,
164188,,,,,,,,
