name,img_src,category
agit,https://image.wanted.co.kr/optimize?src=https://static.codenary.co.kr/framework_logo/agit.png&w=100&q=90,협업툴
airflow,https://image.wanted.co.kr/optimize?src=https://static.codenary.co.kr/framework_logo/airflow.png&w=100&q=90,데이터
alamofire,https://image.wanted.co.kr/optimize?src=https://static.codenary.co.kr/framework_logo/alamofire.png&w=100&q=90,모바일
angular,https://image.wanted.co.kr/optimize?src=https://static.codenary.co.kr/framework_logo/angular.png&w=100&q=90,프론트엔드
ansible,https://image.wanted.co.kr/optimize?src=https://static.codenary.co.kr/framework_logo/ansible.png&w=100&q=90,데브옵스
apollo,https://image.wanted.co.kr/optimize?src=https://static.codenary.co.kr/framework_logo/apollo.png&w=100&q=90,백엔드
appium,https://image.wanted.co.kr/optimize?src=https://static.codenary.co.kr/framework_logo/appium.png&w=100&q=90,테스팅툴
arangodb,https://image.wanted.co.kr/optimize?src=https://static.codenary.co.kr/framework_logo/arangodb.png&w=100&q=90,데이터베이스
arcus,https://image.wanted.co.kr/optimize?src=https://static.codenary.co.kr/framework_logo/arcus.png&w=100&q=90,데이터베이스
argo cd,https://image.wanted.co.kr/optimize?src=https://static.codenary.co.kr/framework_logo/argocd.png&w=100&q=90,데브옵스
armeria,https://image.wanted.co.kr/optimize?src=https://static.codenary.co.kr/framework_logo/armeria.png&w=100&q=90,백엔드
asana,https://image.wanted.co.kr/optimize?src=https://static.codenary.co.kr/framework_logo/asana.png&w=100&q=90,협업툴
aws athena,https://image.wanted.co.kr/optimize?src=https://static.codenary.co.kr/framework_logo/awsathena.png&w=100&q=90,데이터
aws auroradb,https://image.wanted.co.kr/optimize?src=https://static.codenary.co.kr/framework_logo/awsauroradb.png&w=100&q=90,데이터베이스
aws codebuild,https://image.wanted.co.kr/optimize?src=https://static.codenary.co.kr/framework_logo/awscodebuild.png&w=100&q=90,데브옵스
aws codedeploy,https://image.wanted.co.kr/optimize?src=https://static.codenary.co.kr/framework_logo/awscodedeploy.png&w=100&q=90,데브옵스
aws codepipeline,https://image.wanted.co.kr/optimize?src=https://static.codenary.co.kr/framework_logo/awscodepipeline.png&w=100&q=90,데브옵스
aws documentdb,https://image.wanted.co.kr/optimize?src=https://static.codenary.co.kr/framework_logo/awsdocumentdb.png&w=100&q=90,데이터베이스
aws dynamodb,https://image.wanted.co.kr/optimize?src=https://static.codenary.co.kr/framework_logo/awsdynamodb.png&w=100&q=90,데이터베이스
aws kinesis,https://image.wanted.co.kr/optimize?src=https://static.codenary.co.kr/framework_logo/awskinesis.png&w=100&q=90,백엔드
aws mariadb,https://image.wanted.co.kr/optimize?src=https://static.codenary.co.kr/framework_logo/awsmariadb.png&w=100&q=90,데이터베이스
aws redshift,https://image.wanted.co.kr/optimize?src=https://static.codenary.co.kr/framework_logo/awsredshift.png&w=100&q=90,데이터
aws ses,https://image.wanted.co.kr/optimize?src=https://static.codenary.co.kr/framework_logo/awsses.png&w=100&q=90,백엔드
aws sns,https://image.wanted.co.kr/optimize?src=https://static.codenary.co.kr/framework_logo/awssns.png&w=100&q=90,백엔드
azure devops,https://image.wanted.co.kr/optimize?src=https://static.codenary.co.kr/framework_logo/azuredevops.png&w=100&q=90,데브옵스
backbonejs,https://image.wanted.co.kr/optimize?src=https://static.codenary.co.kr/framework_logo/backbonejs.png&w=100&q=90,프론트엔드
bazel,https://image.wanted.co.kr/optimize?src=https://static.codenary.co.kr/framework_logo/bazel.png&w=100&q=90,모바일
bitbucket,https://image.wanted.co.kr/optimize?src=https://static.codenary.co.kr/framework_logo/bitbucket.png&w=100&q=90,데브옵스
bitrise,https://image.wanted.co.kr/optimize?src=https://static.codenary.co.kr/framework_logo/bitrise.png&w=100&q=90,모바일
capistrano,https://image.wanted.co.kr/optimize?src=https://static.codenary.co.kr/framework_logo/capistrano.png&w=100&q=90,데브옵스
cassandradb,https://image.wanted.co.kr/optimize?src=https://static.codenary.co.kr/framework_logo/cassandra.png&w=100&q=90,데이터베이스
celery,https://image.wanted.co.kr/optimize?src=https://static.codenary.co.kr/framework_logo/celery.png&w=100&q=90,백엔드
central dogma,https://image.wanted.co.kr/optimize?src=https://static.codenary.co.kr/framework_logo/centraldogma.png&w=100&q=90,데브옵스
ceph,https://image.wanted.co.kr/optimize?src=https://static.codenary.co.kr/framework_logo/ceph.png&w=100&q=90,데이터베이스
circle ci,https://image.wanted.co.kr/optimize?src=https://static.codenary.co.kr/framework_logo/circleci.png&w=100&q=90,데브옵스
clickhouse,https://image.wanted.co.kr/optimize?src=https://static.codenary.co.kr/framework_logo/clickhouse.png&w=100&q=90,데이터
cockroachdb,https://image.wanted.co.kr/optimize?src=https://static.codenary.co.kr/framework_logo/cockroachdb.png&w=100&q=90,데이터베이스
codeigniter,https://image.wanted.co.kr/optimize?src=https://static.codenary.co.kr/framework_logo/codeigniter.png&w=100&q=90,백엔드
confluence,https://image.wanted.co.kr/optimize?src=https://static.codenary.co.kr/framework_logo/confluence.png&w=100&q=90,협업툴
couchbase,https://image.wanted.co.kr/optimize?src=https://static.codenary.co.kr/framework_logo/couchbase.png&w=100&q=90,데이터베이스
c++,https://image.wanted.co.kr/optimize?src=https://static.codenary.co.kr/framework_logo/cplusplus.png&w=100&q=90,언어
c#,https://image.wanted.co.kr/optimize?src=https://static.codenary.co.kr/framework_logo/csharp.png&w=100&q=90,언어
cubrid,https://image.wanted.co.kr/optimize?src=https://static.codenary.co.kr/framework_logo/cubrid.png&w=100&q=90,데이터베이스
cucumber,https://image.wanted.co.kr/optimize?src=https://static.codenary.co.kr/framework_logo/cucumber.png&w=100&q=90,테스팅툴
cypress,https://image.wanted.co.kr/optimize?src=https://static.codenary.co.kr/framework_logo/cypress.png&w=100&q=90,테스팅툴
dagger,https://image.wanted.co.kr/optimize?src=https://static.codenary.co.kr/framework_logo/dagger.png&w=100&q=90,모바일
dart,https://image.wanted.co.kr/optimize?src=https://static.codenary.co.kr/framework_logo/dart.png&w=100&q=90,언어
discord,https://image.wanted.co.kr/optimize?src=https://static.codenary.co.kr/framework_logo/discord.png&w=100&q=90,협업툴
docker,https://image.wanted.co.kr/optimize?src=https://static.codenary.co.kr/framework_logo/docker.png&w=100&q=90,데브옵스
docusaurus,https://image.wanted.co.kr/optimize?src=https://static.codenary.co.kr/framework_logo/docusaurus.png&w=100&q=90,프론트엔드
dooray,https://image.wanted.co.kr/optimize?src=https://static.codenary.co.kr/framework_logo/dooray.png&w=100&q=90,협업툴
drone,https://image.wanted.co.kr/optimize?src=https://static.codenary.co.kr/framework_logo/drone.png&w=100&q=90,데브옵스
dropwizard,https://image.wanted.co.kr/optimize?src=https://static.codenary.co.kr/framework_logo/dropwizard.png&w=100&q=90,백엔드
druid,https://image.wanted.co.kr/optimize?src=https://static.codenary.co.kr/framework_logo/druid.png&w=100&q=90,데이터
echo,https://image.wanted.co.kr/optimize?src=https://static.codenary.co.kr/framework_logo/echo.png&w=100&q=90,백엔드
elasticsearch,https://image.wanted.co.kr/optimize?src=https://static.codenary.co.kr/framework_logo/elasticsearch.png&w=100&q=90,데이터베이스
electron,https://image.wanted.co.kr/optimize?src=https://static.codenary.co.kr/framework_logo/electron.png&w=100&q=90,프론트엔드
elixir,https://image.wanted.co.kr/optimize?src=https://static.codenary.co.kr/framework_logo/elixir.png&w=100&q=90,언어
emberjs,https://image.wanted.co.kr/optimize?src=https://static.codenary.co.kr/framework_logo/emberjs.png&w=100&q=90,프론트엔드
emotion,https://image.wanted.co.kr/optimize?src=https://static.codenary.co.kr/framework_logo/emotion.png&w=100&q=90,프론트엔드
enzyme,https://image.wanted.co.kr/optimize?src=https://static.codenary.co.kr/framework_logo/enzyme.png&w=100&q=90,테스팅툴
exoplayer,https://image.wanted.co.kr/optimize?src=https://static.codenary.co.kr/framework_logo/exoplayer.png&w=100&q=90,모바일
expressjs,https://image.wanted.co.kr/optimize?src=https://static.codenary.co.kr/framework_logo/expressjs.png&w=100&q=90,백엔드
falcon,https://image.wanted.co.kr/optimize?src=https://static.codenary.co.kr/framework_logo/falcon.png&w=100&q=90,백엔드
fastapi,https://image.wanted.co.kr/optimize?src=https://static.codenary.co.kr/framework_logo/fastapi.png&w=100&q=90,백엔드
fastify,https://image.wanted.co.kr/optimize?src=https://static.codenary.co.kr/framework_logo/fastify.png&w=100&q=90,백엔드
fastlane,https://image.wanted.co.kr/optimize?src=https://static.codenary.co.kr/framework_logo/fastlane.png&w=100&q=90,모바일
fiber,https://image.wanted.co.kr/optimize?src=https://static.codenary.co.kr/framework_logo/fiber.png&w=100&q=90,백엔드
flask,https://image.wanted.co.kr/optimize?src=https://static.codenary.co.kr/framework_logo/flask.png&w=100&q=90,백엔드
flink,https://image.wanted.co.kr/optimize?src=https://static.codenary.co.kr/framework_logo/flink.png&w=100&q=90,데이터
flow,https://image.wanted.co.kr/optimize?src=https://static.codenary.co.kr/framework_logo/flow.png&w=100&q=90,협업툴
fluentd,https://image.wanted.co.kr/optimize?src=https://static.codenary.co.kr/framework_logo/fluentd.png&w=100&q=90,데이터
gatsby,https://image.wanted.co.kr/optimize?src=https://static.codenary.co.kr/framework_logo/gatsby.png&w=100&q=90,프론트엔드
gin,https://image.wanted.co.kr/optimize?src=https://static.codenary.co.kr/framework_logo/gin.png&w=100&q=90,백엔드
github,https://image.wanted.co.kr/optimize?src=https://static.codenary.co.kr/framework_logo/github.png&w=100&q=90,데브옵스
github action,https://image.wanted.co.kr/optimize?src=https://static.codenary.co.kr/framework_logo/githubaction.png&w=100&q=90,데브옵스
gitlab,https://image.wanted.co.kr/optimize?src=https://static.codenary.co.kr/framework_logo/gitlab.png&w=100&q=90,데브옵스
glide,https://image.wanted.co.kr/optimize?src=https://static.codenary.co.kr/framework_logo/glide.png&w=100&q=90,모바일
go,https://image.wanted.co.kr/optimize?src=https://static.codenary.co.kr/framework_logo/go.png&w=100&q=90,언어
go cd,https://image.wanted.co.kr/optimize?src=https://static.codenary.co.kr/framework_logo/gocd.png&w=100&q=90,데브옵스
google bigquery,https://image.wanted.co.kr/optimize?src=https://static.codenary.co.kr/framework_logo/googlebigquery.png&w=100&q=90,데이터
google cloud build,https://image.wanted.co.kr/optimize?src=https://static.codenary.co.kr/framework_logo/googlecodebuild.png&w=100&q=90,데브옵스
google data studio,https://image.wanted.co.kr/optimize?src=https://static.codenary.co.kr/framework_logo/googledatastudio.png&w=100&q=90,데이터
google firebase,https://image.wanted.co.kr/optimize?src=https://static.codenary.co.kr/framework_logo/googlefirebase.png&w=100&q=90,모바일
grafana,https://image.wanted.co.kr/optimize?src=https://static.codenary.co.kr/framework_logo/grafana.png&w=100&q=90,데이터
graphql,https://image.wanted.co.kr/optimize?src=https://static.codenary.co.kr/framework_logo/graphql.png&w=100&q=90,프론트엔드
greenplum,https://image.wanted.co.kr/optimize?src=https://static.codenary.co.kr/framework_logo/greenplum.png&w=100&q=90,데이터베이스
groovy,https://image.wanted.co.kr/optimize?src=https://static.codenary.co.kr/framework_logo/groovy.png&w=100&q=90,언어
grpc,https://image.wanted.co.kr/optimize?src=https://static.codenary.co.kr/framework_logo/grpc.png&w=100&q=90,백엔드
gulp,https://image.wanted.co.kr/optimize?src=https://static.codenary.co.kr/framework_logo/gulp.png&w=100&q=90,데브옵스
h2,https://image.wanted.co.kr/optimize?src=https://static.codenary.co.kr/framework_logo/h2.png&w=100&q=90,데이터베이스
hadoop,https://image.wanted.co.kr/optimize?src=https://static.codenary.co.kr/framework_logo/hadoop.png&w=100&q=90,데이터
harbor,https://image.wanted.co.kr/optimize?src=https://static.codenary.co.kr/framework_logo/harbor.png&w=100&q=90,데브옵스
hazelcast,https://image.wanted.co.kr/optimize?src=https://static.codenary.co.kr/framework_logo/hazelcast.png&w=100&q=90,데이터
hbase,https://image.wanted.co.kr/optimize?src=https://static.codenary.co.kr/framework_logo/hbase.png&w=100&q=90,데이터
helm,https://image.wanted.co.kr/optimize?src=https://static.codenary.co.kr/framework_logo/helm.png&w=100&q=90,데브옵스
hive,https://image.wanted.co.kr/optimize?src=https://static.codenary.co.kr/framework_logo/hive.png&w=100&q=90,데이터
hugo,https://image.wanted.co.kr/optimize?src=https://static.codenary.co.kr/framework_logo/hugo.png&w=100&q=90,프론트엔드
immer,https://image.wanted.co.kr/optimize?src=https://static.codenary.co.kr/framework_logo/immer.png&w=100&q=90,프론트엔드
impala,https://image.wanted.co.kr/optimize?src=https://static.codenary.co.kr/framework_logo/impala.png&w=100&q=90,데이터
influxdb,https://image.wanted.co.kr/optimize?src=https://static.codenary.co.kr/framework_logo/influxdb.png&w=100&q=90,데이터베이스
istio,https://image.wanted.co.kr/optimize?src=https://static.codenary.co.kr/framework_logo/istio.png&w=100&q=90,데브옵스
jaeger,https://image.wanted.co.kr/optimize?src=https://static.codenary.co.kr/framework_logo/jaeger.png&w=100&q=90,데브옵스
jandi,https://image.wanted.co.kr/optimize?src=https://static.codenary.co.kr/framework_logo/jandi.png&w=100&q=90,협업툴
jasmine,https://image.wanted.co.kr/optimize?src=https://static.codenary.co.kr/framework_logo/jasmine.png&w=100&q=90,테스팅툴
java,https://image.wanted.co.kr/optimize?src=https://static.codenary.co.kr/framework_logo/java.png&w=100&q=90,언어
javascript,https://image.wanted.co.kr/optimize?src=https://static.codenary.co.kr/framework_logo/javascript.png&w=100&q=90,언어
jenkins,https://image.wanted.co.kr/optimize?src=https://static.codenary.co.kr/framework_logo/jenkins.png&w=100&q=90,데브옵스
jira,https://image.wanted.co.kr/optimize?src=https://static.codenary.co.kr/framework_logo/jira.png&w=100&q=90,협업툴
jotai,https://image.wanted.co.kr/optimize?src=https://static.codenary.co.kr/framework_logo/jotai.png&w=100&q=90,프론트엔드
junit,https://image.wanted.co.kr/optimize?src=https://static.codenary.co.kr/framework_logo/junit.png&w=100&q=90,테스팅툴
kafka,https://image.wanted.co.kr/optimize?src=https://static.codenary.co.kr/framework_logo/kafka.png&w=100&q=90,데이터
kakaotalk,https://image.wanted.co.kr/optimize?src=https://static.codenary.co.kr/framework_logo/kakaotalk.png&w=100&q=90,협업툴
kakaowork,https://image.wanted.co.kr/optimize?src=https://static.codenary.co.kr/framework_logo/kakaowork.png&w=100&q=90,협업툴
karma,https://image.wanted.co.kr/optimize?src=https://static.codenary.co.kr/framework_logo/karma.png&w=100&q=90,테스팅툴
karpenter,https://image.wanted.co.kr/optimize?src=https://static.codenary.co.kr/framework_logo/karpenter.png&w=100&q=90,데브옵스
keras,https://image.wanted.co.kr/optimize?src=https://static.codenary.co.kr/framework_logo/keras.png&w=100&q=90,데이터
kibana,https://image.wanted.co.kr/optimize?src=https://static.codenary.co.kr/framework_logo/kibana.png&w=100&q=90,데이터
koa,https://image.wanted.co.kr/optimize?src=https://static.codenary.co.kr/framework_logo/koa.png&w=100&q=90,백엔드
kotest,https://image.wanted.co.kr/optimize?src=https://static.codenary.co.kr/framework_logo/kotest.png&w=100&q=90,테스팅툴
ktor,https://image.wanted.co.kr/optimize?src=https://static.codenary.co.kr/framework_logo/ktor.png&w=100&q=90,백엔드
kube-bench,https://image.wanted.co.kr/optimize?src=https://static.codenary.co.kr/framework_logo/kubebench.png&w=100&q=90,데브옵스
kubeflow,https://image.wanted.co.kr/optimize?src=https://static.codenary.co.kr/framework_logo/kubeflow.png&w=100&q=90,데이터
kubernetes,https://image.wanted.co.kr/optimize?src=https://static.codenary.co.kr/framework_logo/kubernetes.png&w=100&q=90,데브옵스
kudu,https://image.wanted.co.kr/optimize?src=https://static.codenary.co.kr/framework_logo/kudu.png&w=100&q=90,데이터
laravel,https://image.wanted.co.kr/optimize?src=https://static.codenary.co.kr/framework_logo/laravel.png&w=100&q=90,백엔드
linkerd,https://image.wanted.co.kr/optimize?src=https://static.codenary.co.kr/framework_logo/linkerd.png&w=100&q=90,데브옵스
liquibase,https://image.wanted.co.kr/optimize?src=https://static.codenary.co.kr/framework_logo/liquibase.png&w=100&q=90,백엔드
locust,https://image.wanted.co.kr/optimize?src=https://static.codenary.co.kr/framework_logo/locust.png&w=100&q=90,테스팅툴
looker,https://image.wanted.co.kr/optimize?src=https://static.codenary.co.kr/framework_logo/looker.png&w=100&q=90,데이터
lottie,https://image.wanted.co.kr/optimize?src=https://static.codenary.co.kr/framework_logo/lottie.png&w=100&q=90,모바일
lua,https://image.wanted.co.kr/optimize?src=https://static.codenary.co.kr/framework_logo/lua.png&w=100&q=90,언어
memcached,https://image.wanted.co.kr/optimize?src=https://static.codenary.co.kr/framework_logo/memcached.png&w=100&q=90,데이터베이스
metabase,https://image.wanted.co.kr/optimize?src=https://static.codenary.co.kr/framework_logo/metabase.png&w=100&q=90,데이터
meteor,https://image.wanted.co.kr/optimize?src=https://static.codenary.co.kr/framework_logo/meteor.png&w=100&q=90,프론트엔드
microsoft-teams,https://image.wanted.co.kr/optimize?src=https://static.codenary.co.kr/framework_logo/microsoftteams.png&w=100&q=90,협업툴
mlflow,https://image.wanted.co.kr/optimize?src=https://static.codenary.co.kr/framework_logo/mlflow.png&w=100&q=90,데이터
mobx,https://image.wanted.co.kr/optimize?src=https://static.codenary.co.kr/framework_logo/mobx.png&w=100&q=90,프론트엔드
mocha,https://image.wanted.co.kr/optimize?src=https://static.codenary.co.kr/framework_logo/mocha.png&w=100&q=90,테스팅툴
mockito,https://image.wanted.co.kr/optimize?src=https://static.codenary.co.kr/framework_logo/mockito.png&w=100&q=90,테스팅툴
monday,https://image.wanted.co.kr/optimize?src=https://static.codenary.co.kr/framework_logo/monday.png&w=100&q=90,협업툴
mongodb,https://image.wanted.co.kr/optimize?src=https://static.codenary.co.kr/framework_logo/mongodb.png&w=100&q=90,데이터베이스
moya,https://image.wanted.co.kr/optimize?src=https://static.codenary.co.kr/framework_logo/moya.png&w=100&q=90,모바일
mssql,https://image.wanted.co.kr/optimize?src=https://static.codenary.co.kr/framework_logo/mssql.png&w=100&q=90,데이터베이스
mysql,https://image.wanted.co.kr/optimize?src=https://static.codenary.co.kr/framework_logo/mysql.png&w=100&q=90,데이터베이스
naver works,https://image.wanted.co.kr/optimize?src=https://static.codenary.co.kr/framework_logo/naverworks.png&w=100&q=90,협업툴
neo4j,https://image.wanted.co.kr/optimize?src=https://static.codenary.co.kr/framework_logo/neo4j.png&w=100&q=90,데이터베이스
nestjs,https://image.wanted.co.kr/optimize?src=https://static.codenary.co.kr/framework_logo/nestjs.png&w=100&q=90,백엔드
netty,https://image.wanted.co.kr/optimize?src=https://static.codenary.co.kr/framework_logo/netty.png&w=100&q=90,백엔드
nextjs,https://image.wanted.co.kr/optimize?src=https://static.codenary.co.kr/framework_logo/nextjs.png&w=100&q=90,프론트엔드
nexus,https://image.wanted.co.kr/optimize?src=https://static.codenary.co.kr/framework_logo/nexus.png&w=100&q=90,데브옵스
ngrinder,https://image.wanted.co.kr/optimize?src=https://static.codenary.co.kr/framework_logo/ngrinder.png&w=100&q=90,테스팅툴
nifi,https://image.wanted.co.kr/optimize?src=https://static.codenary.co.kr/framework_logo/nifi.png&w=100&q=90,데이터
nodejs,https://image.wanted.co.kr/optimize?src=https://static.codenary.co.kr/framework_logo/nodejs.png&w=100&q=90,백엔드
notion,https://image.wanted.co.kr/optimize?src=https://static.codenary.co.kr/framework_logo/notion.png&w=100&q=90,협업툴
nuxtjs,https://image.wanted.co.kr/optimize?src=https://static.codenary.co.kr/framework_logo/nuxtjs.png&w=100&q=90,프론트엔드
openebs,https://image.wanted.co.kr/optimize?src=https://static.codenary.co.kr/framework_logo/openebs.png&w=100&q=90,데브옵스
opengl,https://image.wanted.co.kr/optimize?src=https://static.codenary.co.kr/framework_logo/opengl.png&w=100&q=90,프론트엔드
oracledb,https://image.wanted.co.kr/optimize?src=https://static.codenary.co.kr/framework_logo/oracledb.png&w=100&q=90,데이터베이스
packer,https://image.wanted.co.kr/optimize?src=https://static.codenary.co.kr/framework_logo/packer.png&w=100&q=90,데브옵스
perl,https://image.wanted.co.kr/optimize?src=https://static.codenary.co.kr/framework_logo/perl.png&w=100&q=90,언어
phoenix,https://image.wanted.co.kr/optimize?src=https://static.codenary.co.kr/framework_logo/phoenix.png&w=100&q=90,백엔드
php,https://image.wanted.co.kr/optimize?src=https://static.codenary.co.kr/framework_logo/php.png&w=100&q=90,언어
playwright,https://image.wanted.co.kr/optimize?src=https://static.codenary.co.kr/framework_logo/playwright.png&w=100&q=90,테스팅툴
postgresql,https://image.wanted.co.kr/optimize?src=https://static.codenary.co.kr/framework_logo/postgresql.png&w=100&q=90,데이터베이스
presto,https://image.wanted.co.kr/optimize?src=https://static.codenary.co.kr/framework_logo/presto.png&w=100&q=90,데이터
prometheus,https://image.wanted.co.kr/optimize?src=https://static.codenary.co.kr/framework_logo/prometheus.png&w=100&q=90,데이터
puppeteer,https://image.wanted.co.kr/optimize?src=https://static.codenary.co.kr/framework_logo/puppeteer.png&w=100&q=90,테스팅툴
pytorch,https://image.wanted.co.kr/optimize?src=https://static.codenary.co.kr/framework_logo/pytorch.png&w=100&q=90,데이터
r,https://image.wanted.co.kr/optimize?src=https://static.codenary.co.kr/framework_logo/r.png&w=100&q=90,언어
rabbitmq,https://image.wanted.co.kr/optimize?src=https://static.codenary.co.kr/framework_logo/rabbitmq.png&w=100&q=90,백엔드
rancher,https://image.wanted.co.kr/optimize?src=https://static.codenary.co.kr/framework_logo/rancher.png&w=100&q=90,데브옵스
ranger,https://image.wanted.co.kr/optimize?src=https://static.codenary.co.kr/framework_logo/ranger.png&w=100&q=90,데이터
ray,https://image.wanted.co.kr/optimize?src=https://static.codenary.co.kr/framework_logo/ray.png&w=100&q=90,데이터
react context,https://image.wanted.co.kr/optimize?src=https://static.codenary.co.kr/framework_logo/reactcontext.png&w=100&q=90,프론트엔드
reactivex,https://image.wanted.co.kr/optimize?src=https://static.codenary.co.kr/framework_logo/reactivex.png&w=100&q=90,프론트엔드
reactjs,https://image.wanted.co.kr/optimize?src=https://static.codenary.co.kr/framework_logo/reactjs.png&w=100&q=90,프론트엔드
react native,https://image.wanted.co.kr/optimize?src=https://static.codenary.co.kr/framework_logo/reactnative.png&w=100&q=90,모바일
reactorkit,https://image.wanted.co.kr/optimize?src=https://static.codenary.co.kr/framework_logo/reactorkit.png&w=100&q=90,모바일
react query,https://image.wanted.co.kr/optimize?src=https://static.codenary.co.kr/framework_logo/reactquery.png&w=100&q=90,프론트엔드
recoil,https://image.wanted.co.kr/optimize?src=https://static.codenary.co.kr/framework_logo/recoil.png&w=100&q=90,프론트엔드
redash,https://image.wanted.co.kr/optimize?src=https://static.codenary.co.kr/framework_logo/redash.png&w=100&q=90,데이터
redis,https://image.wanted.co.kr/optimize?src=https://static.codenary.co.kr/framework_logo/redis.png&w=100&q=90,데이터베이스
redux,https://image.wanted.co.kr/optimize?src=https://static.codenary.co.kr/framework_logo/redux.png&w=100&q=90,프론트엔드
relay,https://image.wanted.co.kr/optimize?src=https://static.codenary.co.kr/framework_logo/relay.png&w=100&q=90,프론트엔드
rescript,https://image.wanted.co.kr/optimize?src=https://static.codenary.co.kr/framework_logo/rescript.png&w=100&q=90,언어
rest-assured,https://image.wanted.co.kr/optimize?src=https://static.codenary.co.kr/framework_logo/restassured.png&w=100&q=90,테스팅툴
retrofit,https://image.wanted.co.kr/optimize?src=https://static.codenary.co.kr/framework_logo/retrofit.png&w=100&q=90,모바일
ribs,https://image.wanted.co.kr/optimize?src=https://static.codenary.co.kr/framework_logo/ribs.png&w=100&q=90,모바일
rocksdb,https://image.wanted.co.kr/optimize?src=https://static.codenary.co.kr/framework_logo/rocksdb.png&w=100&q=90,데이터베이스
ruby,https://image.wanted.co.kr/optimize?src=https://static.codenary.co.kr/framework_logo/ruby.png&w=100&q=90,언어
ruby on rails,https://image.wanted.co.kr/optimize?src=https://static.codenary.co.kr/framework_logo/rubyonrails.png&w=100&q=90,백엔드
rust,https://image.wanted.co.kr/optimize?src=https://static.codenary.co.kr/framework_logo/rust.png&w=100&q=90,언어
saltstack,https://image.wanted.co.kr/optimize?src=https://static.codenary.co.kr/framework_logo/saltstack.png&w=100&q=90,데브옵스
sanic,https://image.wanted.co.kr/optimize?src=https://static.codenary.co.kr/framework_logo/sanic.png&w=100&q=90,백엔드
scala,https://image.wanted.co.kr/optimize?src=https://static.codenary.co.kr/framework_logo/scala.png&w=100&q=90,언어
selenium,https://image.wanted.co.kr/optimize?src=https://static.codenary.co.kr/framework_logo/selenium.png&w=100&q=90,테스팅툴
sinon,https://image.wanted.co.kr/optimize?src=https://static.codenary.co.kr/framework_logo/sinon.png&w=100&q=90,테스팅툴
slack,https://image.wanted.co.kr/optimize?src=https://static.codenary.co.kr/framework_logo/slack.png&w=100&q=90,협업툴
snapkit,https://image.wanted.co.kr/optimize?src=https://static.codenary.co.kr/framework_logo/snapkit.png&w=100&q=90,모바일
snowflake,https://image.wanted.co.kr/optimize?src=https://static.codenary.co.kr/framework_logo/snowflake.png&w=100&q=90,데이터
solr,https://image.wanted.co.kr/optimize?src=https://static.codenary.co.kr/framework_logo/solr.png&w=100&q=90,데이터베이스
sonarqube,https://image.wanted.co.kr/optimize?src=https://static.codenary.co.kr/framework_logo/sonarqube.png&w=100&q=90,테스팅툴
spark,https://image.wanted.co.kr/optimize?src=https://static.codenary.co.kr/framework_logo/spark.png&w=100&q=90,데이터
spring,https://image.wanted.co.kr/optimize?src=https://static.codenary.co.kr/framework_logo/spring.png&w=100&q=90,백엔드
springboot,https://image.wanted.co.kr/optimize?src=https://static.codenary.co.kr/framework_logo/springboot.png&w=100&q=90,백엔드
storybook,https://image.wanted.co.kr/optimize?src=https://static.codenary.co.kr/framework_logo/storybook.png&w=100&q=90,프론트엔드
styled-components,https://image.wanted.co.kr/optimize?src=https://static.codenary.co.kr/framework_logo/styledcomponents.png&w=100&q=90,프론트엔드
superset,https://image.wanted.co.kr/optimize?src=https://static.codenary.co.kr/framework_logo/superset.png&w=100&q=90,데이터
svelte,https://image.wanted.co.kr/optimize?src=https://static.codenary.co.kr/framework_logo/svelte.png&w=100&q=90,프론트엔드
swagger,https://image.wanted.co.kr/optimize?src=https://static.codenary.co.kr/framework_logo/swagger.png&w=100&q=90,백엔드
swift,https://image.wanted.co.kr/optimize?src=https://static.codenary.co.kr/framework_logo/swift.png&w=100&q=90,언어
tableau,https://image.wanted.co.kr/optimize?src=https://static.codenary.co.kr/framework_logo/tableau.png&w=100&q=90,데이터
tailwind,https://image.wanted.co.kr/optimize?src=https://static.codenary.co.kr/framework_logo/tailwind.png&w=100&q=90,프론트엔드
telegram,https://image.wanted.co.kr/optimize?src=https://static.codenary.co.kr/framework_logo/telegram.png&w=100&q=90,협업툴
tensorflow,https://image.wanted.co.kr/optimize?src=https://static.codenary.co.kr/framework_logo/tensorflow.png&w=100&q=90,데이터
testing library,https://image.wanted.co.kr/optimize?src=https://static.codenary.co.kr/framework_logo/testinglibrary.png&w=100&q=90,테스팅툴
thrift,https://image.wanted.co.kr/optimize?src=https://static.codenary.co.kr/framework_logo/thrift.png&w=100&q=90,백엔드
traefik,https://image.wanted.co.kr/optimize?src=https://static.codenary.co.kr/framework_logo/traefik.png&w=100&q=90,데브옵스
travis ci,https://image.wanted.co.kr/optimize?src=https://static.codenary.co.kr/framework_logo/travisci.png&w=100&q=90,데브옵스
trello,https://image.wanted.co.kr/optimize?src=https://static.codenary.co.kr/framework_logo/trello.png&w=100&q=90,협업툴
trino,https://image.wanted.co.kr/optimize?src=https://static.codenary.co.kr/framework_logo/trino.png&w=100&q=90,데이터
tuist,https://image.wanted.co.kr/optimize?src=https://static.codenary.co.kr/framework_logo/tuist.png&w=100&q=90,모바일
typescript,https://image.wanted.co.kr/optimize?src=https://static.codenary.co.kr/framework_logo/typescript.png&w=100&q=90,언어
unity,https://image.wanted.co.kr/optimize?src=https://static.codenary.co.kr/framework_logo/unity.png&w=100&q=90,프론트엔드
vault,https://image.wanted.co.kr/optimize?src=https://static.codenary.co.kr/framework_logo/vault.png&w=100&q=90,데브옵스
vuejs,https://image.wanted.co.kr/optimize?src=https://static.codenary.co.kr/framework_logo/vuejs.png&w=100&q=90,프론트엔드
vuex,https://image.wanted.co.kr/optimize?src=https://static.codenary.co.kr/framework_logo/vuex.png&w=100&q=90,프론트엔드
zabbix,https://image.wanted.co.kr/optimize?src=https://static.codenary.co.kr/framework_logo/zabbix.png&w=100&q=90,데브옵스
zeppelin,https://image.wanted.co.kr/optimize?src=https://static.codenary.co.kr/framework_logo/zeppelin.png&w=100&q=90,데이터
zipkin,https://image.wanted.co.kr/optimize?src=https://static.codenary.co.kr/framework_logo/zipkin.png&w=100&q=90,데이터
zustand,https://image.wanted.co.kr/optimize?src=https://static.codenary.co.kr/framework_logo/zustand.png&w=100&q=90,프론트엔드
