URL,Alt Texts
https://zighang.com/recruitment/6fab7744-f7a3-4e69-aeee-b8569797e260,['채용 이미지']
https://zighang.com/recruitment/0b5dbc0a-4f39-41cf-91c8-9cef4e74975f,['채용 이미지']
https://zighang.com/recruitment/b95369da-71cd-442f-bd02-ea5db4849d20,['채용 이미지']
https://zighang.com/recruitment/b9ab54ad-7325-4e4f-be9b-c6ee5f3df4e5,['채용 이미지']
https://zighang.com/recruitment/471752b8-36a8-4670-ad30-760bca20f77f,['채용 이미지']
https://zighang.com/recruitment/ffa7c4d7-12e1-4ad0-a6d0-e294f5f73bcb,['채용 이미지']
https://zighang.com/recruitment/0b347bdd-a682-4f00-ac05-336ae3aafbc2,['채용 이미지']
https://zighang.com/recruitment/7cfe5352-d7ab-4705-b32b-f3d69f0bafd7,['채용 이미지']
https://zighang.com/recruitment/3bf1e160-34f0-4f88-b711-3c4b25a0e3cb,['채용 이미지']
https://zighang.com/recruitment/4b0cd138-5243-42b1-91a9-2601265357d6,['채용 이미지']
https://zighang.com/recruitment/aabfa73a-9fdb-4c75-b4e8-6063c186ea24,['채용 이미지']
https://zighang.com/recruitment/e26d412b-79c6-4933-b1e5-476774ec7f3e,['채용 이미지']
